time,X_NOSE,Y_NOSE,Z_NOSE,visibility_NOSE,X_LEFT_EYE_INNER,Y_LEFT_EYE_INNER,Z_LEFT_EYE_INNER,visibility_LEFT_EYE_INNER,X_LEFT_EYE,Y_LEFT_EYE,Z_LEFT_EYE,visibility_LEFT_EYE,X_LEFT_EYE_OUTER,Y_LEFT_EYE_OUTER,Z_LEFT_EYE_OUTER,visibility_LEFT_EYE_OUTER,X_RIGHT_EYE_OUTER,Y_RIGHT_EYE_OUTER,Z_RIGHT_EYE_OUTER,visibility_RIGHT_EYE_OUTER,X_RIGHT_EYE,Y_RIGHT_EYE,Z_RIGHT_EYE,visibility_RIGHT_EYE,X_RIGHT_EYE_OUTER.1,Y_RIGHT_EYE_OUTER.1,Z_RIGHT_EYE_OUTER.1,visibility_RIGHT_EYE_OUTER.1,X_LEFT_EAR,Y_LEFT_EAR,Z_LEFT_EAR,visibility_LEFT_EAR,X_RIGHT_EAR,Y_RIGHT_EAR,Z_RIGHT_EAR,visibility_RIGHT_EAR,X_MOUTH_LEFT,Y_MOUTH_LEFT,Z_MOUTH_LEFT,visibility_MOUTH_LEFT,X_MOUTH_RIGHT,Y_MOUTH_RIGHT,Z_MOUTH_RIGHT,visibility_MOUTH_RIGHT,X_LEFT_SHOULDER,Y_LEFT_SHOULDER,Z_LEFT_SHOULDER,visibility_LEFT_SHOULDER,X_RIGHT_SHOULDER,Y_RIGHT_SHOULDER,Z_RIGHT_SHOULDER,visibility_RIGHT_SHOULDER,X_LEFT_ELBOW,Y_LEFT_ELBOW,Z_LEFT_ELBOW,visibility_LEFT_ELBOW,X_RIGHT_ELBOW,Y_RIGHT_ELBOW,Z_RIGHT_ELBOW,visibility_RIGHT_ELBOW,X_LEFT_PINKY,Y_LEFT_PINKY,Z_LEFT_PINKY,visibility_LEFT_PINKY,X_RIGHT_PINKY,Y_RIGHT_PINKY,Z_RIGHT_PINKY,visibility_RIGHT_PINKY,X_LEFT_INDEX,Y_LEFT_INDEX,Z_LEFT_INDEX,visibility_LEFT_INDEX,X_RIGHT_INDEX,Y_RIGHT_INDEX,Z_RIGHT_INDEX,visibility_RIGHT_INDEX,X_LEFT_THUMB,Y_LEFT_THUMB,Z_LEFT_THUMB,visibility_LEFT_THUMB,X_RIGHT_THUMB,Y_RIGHT_THUMB,Z_RIGHT_THUMB,visibility_RIGHT_THUMB,X_LEFT_HIP,Y_LEFT_HIP,Z_LEFT_HIP,visibility_LEFT_HIP,X_RIGHT_HIP,Y_RIGHT_HIP,Z_RIGHT_HIP,visibility_RIGHT_HIP,X_LEFT_KNEE,Y_LEFT_KNEE,Z_LEFT_KNEE,visibility_LEFT_KNEE,X_RIGHT_KNEE,Y_RIGHT_KNEE,Z_RIGHT_KNEE,visibility_RIGHT_KNEE,X_LEFT_ANKLE,Y_LEFT_ANKLE,Z_LEFT_ANKLE,visibility_LEFT_ANKLE,X_RIGHT_ANKLE,Y_RIGHT_ANKLE,Z_RIGHT_ANKLE,visibility_RIGHT_ANKLE,X_LEFT_HEEL,Y_LEFT_HEEL,Z_LEFT_HEEL,visibility_LEFT_HEEL,X_RIGHT_HEEL,Y_RIGHT_HEEL,Z_RIGHT_HEEL,visibility_RIGHT_HEEL,X_LEFT_FOOT_INDEX,Y_LEFT_FOOT_INDEX,Z_LEFT_FOOT_INDEX,visibility_LEFT_FOOT_INDEX,X_RIGHT_FOOT_INDEX,Y_RIGHT_FOOT_INDEX,Z_RIGHT_FOOT_INDEX,visibility_RIGHT_FOOT_INDEX,X_LEFT_WRIST,Y_LEFT_WRIST,Z_LEFT_WRIST,X_LEFT_THUMB_CMC,Y_LEFT_THUMB_CMC,Z_LEFT_THUMB_CMC,X_LEFT_THUMB_MCP,Y_LEFT_THUMB_MCP,Z_LEFT_THUMB_MCP,X_LEFT_THUMB_IP,Y_LEFT_THUMB_IP,Z_LEFT_THUMB_IP,X_LEFT_THUMB_TIP,Y_LEFT_THUMB_TIP,Z_LEFT_THUMB_TIP,X_LEFT_INDEX_FINGER_MCP,Y_LEFT_INDEX_FINGER_MCP,Z_LEFT_INDEX_FINGER_MCP,X_LEFT_INDEX_FINGER_PIP,Y_LEFT_INDEX_FINGER_PIP,Z_LEFT_INDEX_FINGER_PIP,X_LEFT_INDEX_FINGER_DIP,Y_LEFT_INDEX_FINGER_DIP,Z_LEFT_INDEX_FINGER_DIP,X_LEFT_INDEX_FINGER_TIP,Y_LEFT_INDEX_FINGER_TIP,Z_LEFT_INDEX_FINGER_TIP,X_LEFT_MIDDLE_FINGER_MCP,Y_LEFT_MIDDLE_FINGER_MCP,Z_LEFT_MIDDLE_FINGER_MCP,X_LEFT_MIDDLE_FINGER_PIP,Y_LEFT_MIDDLE_FINGER_PIP,Z_LEFT_MIDDLE_FINGER_PIP,X_LEFT_MIDDLE_FINGER_DIP,Y_LEFT_MIDDLE_FINGER_DIP,Z_LEFT_MIDDLE_FINGER_DIP,X_LEFT_MIDDLE_FINGER_TIP,Y_LEFT_MIDDLE_FINGER_TIP,Z_LEFT_MIDDLE_FINGER_TIP,X_LEFT_RING_FINGER_MCP,Y_LEFT_RING_FINGER_MCP,Z_LEFT_RING_FINGER_MCP,X_LEFT_RING_FINGER_PIP,Y_LEFT_RING_FINGER_PIP,Z_LEFT_RING_FINGER_PIP,X_LEFT_RING_FINGER_DIP,Y_LEFT_RING_FINGER_DIP,Z_LEFT_RING_FINGER_DIP,X_LEFT_RING_FINGER_TIP,Y_LEFT_RING_FINGER_TIP,Z_LEFT_RING_FINGER_TIP,X_LEFT_PINKY_FINGER_MCP,Y_LEFT_PINKY_FINGER_MCP,Z_LEFT_PINKY_FINGER_MCP,X_LEFT_PINKY_FINGER_PIP,Y_LEFT_PINKY_FINGER_PIP,Z_LEFT_PINKY_FINGER_PIP,X_LEFT_PINKY_FINGER_DIP,Y_LEFT_PINKY_FINGER_DIP,Z_LEFT_PINKY_FINGER_DIP,X_LEFT_PINKY_FINGER_TIP,Y_LEFT_PINKY_FINGER_TIP,Z_LEFT_PINKY_FINGER_TIP,X_RIGHT_WRIST,Y_RIGHT_WRIST,Z_RIGHT_WRIST,X_RIGHT_THUMB_CMC,Y_RIGHT_THUMB_CMC,Z_RIGHT_THUMB_CMC,X_RIGHT_THUMB_MCP,Y_RIGHT_THUMB_MCP,Z_RIGHT_THUMB_MCP,X_RIGHT_THUMB_IP,Y_RIGHT_THUMB_IP,Z_RIGHT_THUMB_IP,X_RIGHT_THUMB_TIP,Y_RIGHT_THUMB_TIP,Z_RIGHT_THUMB_TIP,X_RIGHT_INDEX_FINGER_MCP,Y_RIGHT_INDEX_FINGER_MCP,Z_RIGHT_INDEX_FINGER_MCP,X_RIGHT_INDEX_FINGER_PIP,Y_RIGHT_INDEX_FINGER_PIP,Z_RIGHT_INDEX_FINGER_PIP,X_RIGHT_INDEX_FINGER_DIP,Y_RIGHT_INDEX_FINGER_DIP,Z_RIGHT_INDEX_FINGER_DIP,X_RIGHT_INDEX_FINGER_TIP,Y_RIGHT_INDEX_FINGER_TIP,Z_RIGHT_INDEX_FINGER_TIP,X_RIGHT_MIDDLE_FINGER_MCP,Y_RIGHT_MIDDLE_FINGER_MCP,Z_RIGHT_MIDDLE_FINGER_MCP,X_RIGHT_MIDDLE_FINGER_PIP,Y_RIGHT_MIDDLE_FINGER_PIP,Z_RIGHT_MIDDLE_FINGER_PIP,X_RIGHT_MIDDLE_FINGER_DIP,Y_RIGHT_MIDDLE_FINGER_DIP,Z_RIGHT_MIDDLE_FINGER_DIP,X_RIGHT_MIDDLE_FINGER_TIP,Y_RIGHT_MIDDLE_FINGER_TIP,Z_RIGHT_MIDDLE_FINGER_TIP,X_RIGHT_RING_FINGER_MCP,Y_RIGHT_RING_FINGER_MCP,Z_RIGHT_RING_FINGER_MCP,X_RIGHT_RING_FINGER_PIP,Y_RIGHT_RING_FINGER_PIP,Z_RIGHT_RING_FINGER_PIP,X_RIGHT_RING_FINGER_DIP,Y_RIGHT_RING_FINGER_DIP,Z_RIGHT_RING_FINGER_DIP,X_RIGHT_RING_FINGER_TIP,Y_RIGHT_RING_FINGER_TIP,Z_RIGHT_RING_FINGER_TIP,X_RIGHT_PINKY_FINGER_MCP,Y_RIGHT_PINKY_FINGER_MCP,Z_RIGHT_PINKY_FINGER_MCP,X_RIGHT_PINKY_FINGER_PIP,Y_RIGHT_PINKY_FINGER_PIP,Z_RIGHT_PINKY_FINGER_PIP,X_RIGHT_PINKY_FINGER_DIP,Y_RIGHT_PINKY_FINGER_DIP,Z_RIGHT_PINKY_FINGER_DIP,X_RIGHT_PINKY_FINGER_TIP,Y_RIGHT_PINKY_FINGER_TIP,Z_RIGHT_PINKY_FINGER_TIP
0.0,0.48845258,0.25015408,-0.42009026,0.99937916,0.5017647,0.22877556,-0.38961142,0.999164,0.50894314,0.22776969,-0.3897516,0.9990465,0.51418835,0.22734176,-0.38987353,0.99896085,0.48016214,0.22975063,-0.38893196,0.9990233,0.47290844,0.22951108,-0.38902918,0.9988883,0.46637055,0.22990865,-0.38915083,0.9987967,0.5239227,0.23656265,-0.18910241,0.9989845,0.46117836,0.24179453,-0.18693258,0.99909306,0.5042071,0.27164128,-0.34291723,0.9996538,0.47650427,0.2752397,-0.34300384,0.9995484,0.57501996,0.36175358,-0.09779774,0.9998517,0.41252726,0.34145454,-0.0888164,0.9996846,0.62342125,0.5128316,-0.32830992,0.995701,0.31875068,0.40966916,-0.3604151,0.99799913,0.5076544,0.42414564,-0.6988814,0.965583,0.46154386,0.3067779,-0.7383134,0.96500623,0.5044487,0.40667015,-0.66157794,0.9627321,0.46955574,0.29673848,-0.70090896,0.9568037,0.50793856,0.40809813,-0.61871874,0.94913703,0.46341944,0.30554375,-0.6630535,0.94284004,0.5283184,0.6657087,-0.01571334,0.9962101,0.4248866,0.6567177,0.016195536,0.9948797,0.5111709,0.9060689,-0.09169099,0.17023164,0.40185967,0.8768276,0.0029246737,0.18011712,0.5028599,1.1037478,0.1418908,0.0399281,0.3615993,1.0775026,0.26397708,0.047852665,0.49937677,1.134029,0.15671894,0.042394556,0.36158007,1.1066309,0.28299418,0.05040307,0.5054391,1.1600451,-0.031225162,0.02900439,0.3437807,1.1409795,0.07438374,0.04047235,0.5321677,0.44907048,6.623155e-08,0.5338833,0.42228442,-0.008030729,0.52416366,0.40097174,-0.0110970335,0.5127883,0.38796666,-0.011891246,0.50315875,0.38305148,-0.01210305,0.5106196,0.4300087,-0.015554117,0.49486774,0.42982873,-0.019290267,0.48617184,0.42299348,-0.020885631,0.47966743,0.4149971,-0.021761406,0.5023733,0.44365287,-0.0127668595,0.48157546,0.44278878,-0.01561346,0.46987367,0.4324918,-0.016712535,0.46257827,0.42199567,-0.017955001,0.49678338,0.45049518,-0.009735016,0.4774892,0.4459824,-0.012531312,0.46827844,0.434163,-0.014118538,0.46235907,0.42284387,-0.015195891,0.4936573,0.45214662,-0.0071352185,0.478469,0.44709104,-0.0095718065,0.47012067,0.43764612,-0.010373297,0.4646115,0.42748505,-0.010815346,0.423577,0.31196344,-1.04140625e-07,0.43840456,0.28751066,0.0024860594,0.45823145,0.27087462,0.0011714402,0.47413364,0.25876904,-0.0014028861,0.48369545,0.24670385,-0.003337021,0.46955854,0.27687413,-0.002466111,0.49564132,0.27738053,-0.008092877,0.4953383,0.28297278,-0.011208585,0.48845947,0.28556108,-0.011962083,0.4696186,0.29327476,-0.006406188,0.49326032,0.2977732,-0.008413698,0.4913141,0.30192003,-0.008426879,0.48444706,0.3021899,-0.008839452,0.4678032,0.31075102,-0.010280235,0.4865244,0.3154858,-0.011173555,0.48266542,0.3178683,-0.0083570685,0.47503528,0.31701136,-0.0069719413,0.4651397,0.32761756,-0.014045474,0.48048344,0.33059317,-0.012604041,0.47650266,0.33145595,-0.00847732,0.46971568,0.3307511,-0.0057118367
40.0,0.4924839,0.24869803,-0.399614,0.9994522,0.5049065,0.22581416,-0.36749235,0.9992435,0.511378,0.22450349,-0.3675957,0.99917173,0.51596284,0.22368115,-0.3677027,0.99913293,0.48284945,0.22928879,-0.36991212,0.9990145,0.47564435,0.22949706,-0.3699438,0.99884915,0.46825984,0.23066203,-0.3700633,0.9987632,0.5263749,0.23151761,-0.16094469,0.99916685,0.4614418,0.24295558,-0.17351456,0.9992113,0.5093703,0.26936662,-0.3203469,0.999696,0.48157752,0.27453882,-0.32460597,0.9996146,0.5764861,0.35870534,-0.06058343,0.9999211,0.41428897,0.3346824,-0.084083445,0.99972004,0.6252595,0.509321,-0.28190607,0.9965938,0.313057,0.38862866,-0.34597036,0.9982413,0.504365,0.4291336,-0.64463586,0.9765598,0.46324888,0.3160844,-0.680327,0.9616536,0.5017172,0.40987447,-0.6050564,0.9741683,0.4720718,0.30236292,-0.64323276,0.9525975,0.50641954,0.40930584,-0.563273,0.96463245,0.46531084,0.30631667,-0.607915,0.93884236,0.5257467,0.6593664,0.0010335147,0.99716896,0.42034307,0.647332,-0.0005271688,0.9955983,0.49779633,0.90331036,-0.0820119,0.15878628,0.40964466,0.8727044,-0.037485886,0.15348144,0.49210104,1.1120454,0.15039082,0.04191436,0.36984506,1.091062,0.20644559,0.044470977,0.4880069,1.1421659,0.16425416,0.045894276,0.36964363,1.1207163,0.2228009,0.04293799,0.49507585,1.1708152,-0.030988492,0.030317774,0.35411724,1.1580428,0.0052411756,0.040734634,0.53150636,0.44651896,1.08521164e-07,0.52944314,0.42158073,-0.0069046244,0.51639533,0.4019332,-0.009819605,0.50462055,0.39196387,-0.010747764,0.4981513,0.38590726,-0.011564505,0.5073733,0.42439592,-0.016768612,0.49193513,0.4230878,-0.021931218,0.48119253,0.4175915,-0.024093812,0.4734682,0.41147527,-0.025016122,0.5024312,0.43950227,-0.014565991,0.48062652,0.4424894,-0.01996247,0.4680891,0.43682623,-0.02117693,0.46023387,0.4301239,-0.021440325,0.49926075,0.4487384,-0.01199402,0.47792664,0.4502241,-0.016677892,0.4659795,0.44334158,-0.01829978,0.45879787,0.43584847,-0.018508697,0.49801788,0.45329744,-0.009655397,0.48031348,0.45182928,-0.01316653,0.46994516,0.4467674,-0.014316902,0.46347338,0.44074404,-0.014458148,0.41866422,0.3095515,2.7377366e-08,0.4370196,0.28657502,0.0003003011,0.45829368,0.27116343,-0.00026303262,0.47396886,0.2589467,-0.0014619499,0.4844127,0.24796122,-0.0024273477,0.4652072,0.28513038,0.00054953754,0.48108506,0.28655213,-0.0026049546,0.49025208,0.2881613,-0.005179568,0.49749014,0.28895935,-0.0070071695,0.46513525,0.30193794,-0.0024101713,0.48369315,0.30600864,-0.0038933414,0.4938946,0.30893317,-0.0053473776,0.5023482,0.31108847,-0.0070585343,0.46303803,0.31818205,-0.0056859604,0.4809088,0.32372743,-0.008067719,0.49061018,0.32788965,-0.008085396,0.49841356,0.3301842,-0.008357366,0.459032,0.33323202,-0.008955293,0.47264647,0.33972245,-0.010012991,0.48086578,0.34353194,-0.008659367,0.48780683,0.34618664,-0.007817176
80.0,0.48611388,0.24715394,-0.5114668,0.9994087,0.49911165,0.22523682,-0.48291078,0.9991559,0.5062413,0.22451298,-0.4830021,0.9991314,0.51239115,0.22395033,-0.48311466,0.99908376,0.4782545,0.22788964,-0.48105016,0.9989178,0.47123066,0.22840922,-0.48113742,0.99877053,0.4651122,0.22949028,-0.48123965,0.99853945,0.523313,0.23460476,-0.2869276,0.99922025,0.46111798,0.24083503,-0.2799282,0.9990038,0.5009685,0.267996,-0.4355506,0.9997004,0.47386253,0.27143458,-0.43412617,0.99953306,0.5752139,0.35655367,-0.20233314,0.9999021,0.41255477,0.33705854,-0.1896978,0.9996573,0.62406266,0.5068707,-0.48025268,0.9980837,0.30797958,0.36762723,-0.5116756,0.9980591,0.50221205,0.43088824,-0.86171997,0.98139185,0.45108566,0.31106675,-0.9065514,0.9491742,0.4980768,0.4091765,-0.8191767,0.97964513,0.46122012,0.30193275,-0.8632266,0.9373782,0.5037969,0.40817362,-0.77735305,0.9711141,0.4548127,0.3074049,-0.82742226,0.92122674,0.52293056,0.65658784,-0.010002909,0.9961493,0.42159182,0.64594644,0.010378113,0.9943672,0.5130472,0.8989384,-0.09106327,0.14376414,0.40449813,0.87324035,-0.03560547,0.15865155,0.5011574,1.0956881,0.15316643,0.03138496,0.36706865,1.0734779,0.2190819,0.038013134,0.49866095,1.1255875,0.16817804,0.03051064,0.36750555,1.102638,0.23669244,0.038981624,0.5015793,1.1521866,-0.023896292,0.021495465,0.3515252,1.1380768,0.021825204,0.034581717,0.5299034,0.44461012,9.539134e-08,0.52421236,0.42138034,-0.004592964,0.5083332,0.40650848,-0.0069037997,0.49351308,0.39929175,-0.007874113,0.4828495,0.39544982,-0.009097037,0.50461197,0.41812196,-0.01436059,0.48733905,0.41393077,-0.01861765,0.47666758,0.4118431,-0.019694284,0.46883488,0.4103395,-0.020251062,0.500887,0.43593183,-0.013612472,0.4817556,0.43862647,-0.018391049,0.46914348,0.4378106,-0.020171495,0.45964286,0.4362222,-0.02150021,0.49918163,0.45013955,-0.012507808,0.48026013,0.45410237,-0.017141309,0.46712086,0.4538999,-0.019983372,0.45720804,0.45252946,-0.02193628,0.49886438,0.45974097,-0.011297135,0.4831936,0.46285993,-0.015978891,0.47238722,0.463668,-0.018918933,0.4637757,0.46308094,-0.02077088,0.41558036,0.31112376,4.719156e-08,0.43014783,0.28940612,-0.0025896302,0.45168608,0.27711517,-0.0039924006,0.46849236,0.27076793,-0.0048065986,0.4803942,0.26434594,-0.005427318,0.45703527,0.2971852,-0.0046724775,0.46992263,0.30151674,-0.0071488284,0.4782019,0.30487055,-0.009168349,0.48580015,0.30740368,-0.010604557,0.45617324,0.31677204,-0.005689668,0.47342125,0.32490772,-0.006282815,0.48430127,0.3296761,-0.00733628,0.49416688,0.3327637,-0.008818125,0.45378172,0.33251002,-0.0068060746,0.47137547,0.3409622,-0.008681325,0.4825716,0.347229,-0.009073539,0.49251512,0.35096395,-0.009490876,0.4502598,0.34406927,-0.007920859,0.4649837,0.35069674,-0.008884572,0.47386336,0.35508806,-0.0075481213,0.48160288,0.35805088,-0.0066408077
120.0,0.4819134,0.24803717,-0.47155905,0.999673,0.49578026,0.22639781,-0.4420346,0.9994973,0.5035016,0.22572297,-0.44209653,0.99948394,0.5099599,0.22566986,-0.442207,0.99946505,0.4746339,0.22702895,-0.44218016,0.9992656,0.4679135,0.22706538,-0.44217533,0.9991454,0.46183127,0.22783841,-0.44225946,0.99897134,0.5235234,0.23538187,-0.23896597,0.9995689,0.45870322,0.23957597,-0.24260919,0.9994524,0.49969184,0.27105153,-0.39293116,0.99986565,0.47174406,0.27329004,-0.3944834,0.9997787,0.57427776,0.3540537,-0.14445275,0.9999572,0.4128117,0.33369035,-0.16219762,0.9997819,0.6257746,0.5039819,-0.42175743,0.9985958,0.30418617,0.34622657,-0.4826066,0.99852943,0.503878,0.4415669,-0.8246667,0.9899419,0.4383485,0.32360077,-0.8621102,0.96437144,0.4977218,0.4188088,-0.7794492,0.98923254,0.4485347,0.31472683,-0.82495177,0.95640457,0.5035621,0.4141408,-0.7328987,0.98477244,0.44427854,0.31635022,-0.7867966,0.94827,0.525905,0.66153526,0.006219499,0.99743456,0.4220367,0.6505272,-0.0058324146,0.99619246,0.50758046,0.890351,-0.07780333,0.13579303,0.41479203,0.8753995,-0.05082744,0.13045433,0.486548,1.1083555,0.1901989,0.020708157,0.37974274,1.0894368,0.22200285,0.018854143,0.4841197,1.1361376,0.20667368,0.02215296,0.37901413,1.117263,0.24033016,0.02145124,0.48335028,1.1664013,0.006511828,0.011654987,0.36895207,1.1570704,0.014789176,0.017311513,0.52778274,0.44631445,7.994209e-08,0.51988304,0.42283428,-0.002734843,0.5016906,0.4113257,-0.0038986905,0.48478273,0.40891787,-0.0041518053,0.47272414,0.40887094,-0.004729288,0.5022967,0.41970953,-0.0105537055,0.4865731,0.41478667,-0.0134784365,0.47555554,0.41340777,-0.014012809,0.46668616,0.41295135,-0.01458875,0.49896324,0.43740264,-0.010415018,0.48128372,0.43914193,-0.013755899,0.4698091,0.43863255,-0.014767569,0.46123645,0.43803862,-0.015876308,0.49730352,0.45304716,-0.00988751,0.47913966,0.45753956,-0.013478867,0.4669428,0.45858306,-0.015171742,0.45809585,0.45906317,-0.01663314,0.49685067,0.46432313,-0.009160786,0.48150545,0.4695774,-0.0131370155,0.47086892,0.4726518,-0.0153621165,0.46235675,0.4746239,-0.016883215,0.40995166,0.31330705,1.4299914e-07,0.4264037,0.29342806,-0.0065389103,0.44961146,0.28678918,-0.010060177,0.46755305,0.28573778,-0.011853173,0.48121306,0.2819225,-0.013696721,0.4496386,0.31070617,-0.01598124,0.47278297,0.32340187,-0.021657044,0.4891945,0.33114338,-0.02425587,0.50173706,0.33580163,-0.025282469,0.44472528,0.32842225,-0.015254807,0.4695732,0.3421274,-0.019175855,0.48710677,0.34831646,-0.020659119,0.501435,0.35118815,-0.021778727,0.43996176,0.34121376,-0.014244797,0.46260485,0.3527006,-0.01738055,0.47949824,0.3565466,-0.017635092,0.4935732,0.35816976,-0.017552277,0.43608543,0.34852445,-0.01351807,0.455098,0.35720286,-0.015754296,0.46847126,0.36027348,-0.015083184,0.4795878,0.36177397,-0.014220932
160.0,0.48589915,0.24307612,-0.44717005,0.9998235,0.49852893,0.22358394,-0.4169394,0.999718,0.5057464,0.22318384,-0.41701007,0.99973637,0.51179016,0.22332661,-0.41709778,0.9996984,0.47774026,0.22439116,-0.41646376,0.999579,0.47114795,0.22462982,-0.41646412,0.99954164,0.46469948,0.2258765,-0.41654888,0.9993656,0.524948,0.2345968,-0.2209266,0.9998252,0.46026367,0.23953396,-0.22181788,0.9997348,0.5023613,0.264966,-0.3721167,0.9999294,0.475842,0.26697057,-0.3726925,0.99986196,0.57581383,0.3560422,-0.15233484,0.9999596,0.416208,0.33205855,-0.16847521,0.9998149,0.6263438,0.50313574,-0.45669222,0.9986186,0.31527585,0.31370214,-0.5287609,0.9983046,0.5020945,0.4489077,-0.868453,0.9881243,0.44723323,0.32506517,-0.91895854,0.94673663,0.49432436,0.42607507,-0.82478535,0.98747176,0.45756662,0.3207833,-0.8811182,0.9358032,0.5007743,0.42024776,-0.7755984,0.98312336,0.45386627,0.3193985,-0.8428564,0.92869055,0.5224659,0.66255975,0.0002125834,0.997973,0.4216042,0.6477583,0.00019385508,0.99718094,0.48800963,0.9059692,-0.06453107,0.22231618,0.4067742,0.8829977,-0.035293177,0.21984744,0.47957453,1.1055632,0.22125545,0.032857787,0.36574757,1.0941632,0.23668264,0.02933929,0.4778365,1.1340692,0.23954162,0.031670596,0.36507756,1.1232523,0.2548784,0.033311903,0.47544217,1.161568,0.050127007,0.015592683,0.35036463,1.1612949,0.036183383,0.022598816,0.52372813,0.44708103,6.2334564e-08,0.51745504,0.4249116,-0.004345387,0.5012928,0.4140194,-0.0062644593,0.48569846,0.4126706,-0.007048041,0.47463143,0.41294152,-0.00812787,0.5009259,0.42106092,-0.013645674,0.48580262,0.4177566,-0.017978463,0.47501484,0.41725573,-0.01934401,0.46578035,0.41734612,-0.020363284,0.49813542,0.43911648,-0.012899427,0.48239908,0.44160974,-0.018019829,0.4701656,0.4419604,-0.019948661,0.45965937,0.4415142,-0.021529717,0.4965242,0.45410043,-0.011806518,0.48009968,0.46011764,-0.01670621,0.4669388,0.46225053,-0.019223241,0.45615202,0.4629464,-0.020995894,0.49618727,0.46468204,-0.010656315,0.48168132,0.47101107,-0.015720718,0.47099105,0.47413895,-0.01881528,0.46179283,0.47573227,-0.020789573,0.40464988,0.30988094,3.742932e-08,0.4243836,0.29477862,-0.003520527,0.44720194,0.29317737,-0.0050946423,0.46475458,0.295241,-0.0059072315,0.4776513,0.29459235,-0.0063393754,0.44202024,0.32110977,-0.004983512,0.4546589,0.33041042,-0.007184163,0.46198353,0.33484286,-0.008829159,0.46781743,0.33747888,-0.009706163,0.4341986,0.33572105,-0.005093122,0.4493679,0.35138696,-0.005484927,0.46011382,0.35847998,-0.006166076,0.46922845,0.36265165,-0.007144125,0.42759648,0.34440967,-0.005390217,0.44209024,0.35934514,-0.0068316404,0.45311028,0.36725083,-0.0072233183,0.4629551,0.3724941,-0.007470189,0.4225879,0.34790757,-0.00572873,0.43276933,0.35981876,-0.0063933237,0.44044155,0.36569142,-0.0050219633,0.44725594,0.3695448,-0.004012491
200.0,0.48430306,0.24453753,-0.47670507,0.99989355,0.49629724,0.2244727,-0.4472075,0.999845,0.50362694,0.22433509,-0.4472634,0.9998585,0.51002246,0.2243349,-0.4473346,0.99983275,0.4769192,0.22535144,-0.44444576,0.9997627,0.47067502,0.22586592,-0.44449583,0.9997451,0.4646834,0.22719868,-0.44456172,0.9996159,0.5238106,0.23539394,-0.25329813,0.9999138,0.46138108,0.24057208,-0.24490055,0.99984646,0.5003941,0.2672405,-0.4021581,0.9999598,0.47585014,0.268847,-0.40024886,0.9999175,0.5731666,0.3551304,-0.20000786,0.9999728,0.41557214,0.33478406,-0.17867164,0.99985707,0.623002,0.5036316,-0.52364296,0.99931216,0.30909222,0.2939237,-0.55150837,0.99866736,0.49859807,0.44595322,-0.9227995,0.9936801,0.4349256,0.32379562,-0.9600753,0.9560238,0.49045837,0.4268546,-0.87619054,0.9932207,0.4468381,0.32121876,-0.91881365,0.94612837,0.49658838,0.42105776,-0.8292359,0.9903922,0.44418904,0.31793433,-0.8826069,0.93844825,0.5229074,0.66323996,-0.014336416,0.99859446,0.4235664,0.65004396,0.014667866,0.99773055,0.51225066,0.9013142,-0.080756634,0.2315491,0.4004323,0.8801649,-0.014944405,0.22628543,0.49412116,1.1028357,0.18834406,0.0377649,0.37178293,1.0804012,0.25241336,0.033284165,0.4926522,1.1331936,0.2055509,0.04002088,0.3732196,1.1085174,0.2706882,0.03680013,0.4922298,1.1583297,0.019681204,0.022086438,0.35666764,1.1463718,0.06117886,0.02795786,0.52119845,0.44614595,6.9652295e-08,0.514542,0.42448917,-0.0064466177,0.4979452,0.41334742,-0.009330409,0.4810503,0.41263917,-0.010512734,0.46881467,0.4167508,-0.011991502,0.4988572,0.42266092,-0.01724404,0.48289338,0.42151988,-0.02245442,0.47135425,0.42209154,-0.02429345,0.46166688,0.4222486,-0.025561456,0.49720427,0.44082868,-0.01562483,0.48086655,0.44703493,-0.021342782,0.467875,0.44842342,-0.023616973,0.45731923,0.44784793,-0.025567682,0.49583828,0.45527276,-0.013661737,0.47874263,0.46248588,-0.018869696,0.46534374,0.4648704,-0.021429325,0.45478132,0.46483898,-0.023260344,0.49492174,0.46494207,-0.011801107,0.4801545,0.4711262,-0.016713731,0.46912283,0.4734252,-0.019634651,0.45992935,0.4734155,-0.021544252,0.40441465,0.3080567,7.901738e-08,0.42374042,0.29590797,-0.0051773572,0.4470975,0.2966794,-0.0076710484,0.4638963,0.30014953,-0.009038865,0.47618985,0.2993965,-0.010002905,0.43977007,0.32087567,-0.0076000094,0.44892815,0.3350721,-0.01042222,0.45608655,0.34256437,-0.012385789,0.4626859,0.3474286,-0.01351387,0.43121794,0.33476368,-0.007108023,0.44356036,0.35509264,-0.008590677,0.4542672,0.3656006,-0.0093521355,0.4640767,0.37271893,-0.010203871,0.42442814,0.34334463,-0.0068489416,0.43749788,0.36019474,-0.009087641,0.4481223,0.36886442,-0.009723235,0.45798624,0.3746178,-0.009919121,0.41949776,0.34760273,-0.0068152756,0.42991763,0.36005205,-0.008136933,0.43779153,0.3658768,-0.0073844325,0.44496182,0.369245,-0.006730109
240.0,0.48431608,0.24311955,-0.49692854,0.99990416,0.49587604,0.22336552,-0.46754977,0.9998728,0.5033067,0.22372127,-0.46759647,0.9998845,0.50985026,0.22382542,-0.4676889,0.99987245,0.4756688,0.22402532,-0.46625793,0.99979717,0.4690192,0.22469872,-0.4663069,0.9997727,0.4627517,0.22614606,-0.46635988,0.99965394,0.52400345,0.23515844,-0.2705565,0.9999318,0.4572019,0.24122837,-0.26978317,0.9998617,0.50102407,0.26595223,-0.42105183,0.9999651,0.4747405,0.26743054,-0.42140466,0.9999242,0.57157755,0.3550661,-0.21030329,0.9999771,0.414264,0.33761555,-0.19599165,0.9998307,0.6223551,0.5069916,-0.5277483,0.99933136,0.31263095,0.28127033,-0.5518596,0.9983456,0.4964002,0.4424351,-0.91259366,0.99421656,0.43654743,0.32847703,-0.93045026,0.9341404,0.49004185,0.42273217,-0.8640171,0.99382484,0.4484529,0.32888055,-0.8868064,0.91990507,0.49639925,0.41850233,-0.8212606,0.99084467,0.44605684,0.32484603,-0.8580644,0.9107892,0.5229789,0.6576807,-0.010392985,0.9982085,0.4238425,0.643255,0.010680948,0.9970927,0.5110039,0.89993787,-0.07097734,0.24925001,0.40011626,0.8768295,-0.01985355,0.24461333,0.49325654,1.0988793,0.20428874,0.039780766,0.36501846,1.0756035,0.2450057,0.035342906,0.4909981,1.1284251,0.2224155,0.03999559,0.36577713,1.1028876,0.2632651,0.035751104,0.49297386,1.1549345,0.039283287,0.023160914,0.3512739,1.1426901,0.054627594,0.028697541,0.51906836,0.4455391,7.750854e-08,0.51238716,0.42359668,-0.006258015,0.49530694,0.41291428,-0.008762276,0.4779917,0.41301942,-0.009555348,0.46593302,0.41787142,-0.01046726,0.49700403,0.42527187,-0.015453622,0.4822709,0.42456108,-0.020057764,0.47199282,0.42457792,-0.02145611,0.463793,0.42351672,-0.022221876,0.49520943,0.44322336,-0.01359273,0.47872376,0.4502469,-0.018761978,0.46573046,0.45085382,-0.020503316,0.45608068,0.4495473,-0.02178902,0.49370167,0.45671993,-0.011464055,0.47583428,0.46418646,-0.016445039,0.4623815,0.46466318,-0.018611072,0.452466,0.462771,-0.01982036,0.4925271,0.4650609,-0.009399316,0.47697207,0.47048193,-0.01375033,0.46601334,0.47092235,-0.015975634,0.45751113,0.46903214,-0.017236853,0.4064927,0.30626595,1.1000819e-07,0.42658165,0.2967809,-0.005739222,0.44872534,0.2993122,-0.009077414,0.4653976,0.30271608,-0.011263147,0.47813037,0.30305934,-0.013123182,0.4408386,0.32324612,-0.008083716,0.44950482,0.3401085,-0.01167606,0.4571949,0.34842545,-0.014091442,0.46392855,0.35329655,-0.015419855,0.43097195,0.3345161,-0.007692304,0.44251996,0.35727927,-0.0096637225,0.45313382,0.36883512,-0.010774519,0.46245742,0.37641236,-0.011817798,0.42287624,0.34085214,-0.0076277456,0.43478182,0.3604901,-0.009896947,0.4445726,0.37120178,-0.010317866,0.45353067,0.37894067,-0.010461572,0.41666082,0.34362638,-0.007866407,0.4259073,0.3580786,-0.009331619,0.43302166,0.36590046,-0.008488926,0.43969268,0.3714287,-0.0077265077
280.0,0.4865011,0.23935021,-0.47737473,0.9999329,0.49651697,0.22054476,-0.44610167,0.99989843,0.50364864,0.22040597,-0.44615063,0.99991274,0.5101123,0.22062209,-0.4462007,0.9998988,0.47721046,0.22160351,-0.44482315,0.99983704,0.47057453,0.22255012,-0.4448759,0.9998281,0.46439168,0.2243393,-0.44494277,0.9997247,0.5226747,0.23297596,-0.24638534,0.9999511,0.45884442,0.24097443,-0.24527195,0.99989045,0.5028314,0.26155308,-0.40135872,0.99997354,0.4781532,0.26344535,-0.4015737,0.99993634,0.5730628,0.35641178,-0.19329861,0.999982,0.41591105,0.34055334,-0.18115097,0.999856,0.6223662,0.5034164,-0.52130777,0.9994203,0.3136843,0.27571335,-0.55057865,0.9985359,0.4957534,0.4420435,-0.9148719,0.9953434,0.44181305,0.3284259,-0.9396543,0.9418728,0.48842382,0.4238453,-0.8681638,0.99501956,0.4525472,0.3282359,-0.89708644,0.9289359,0.49494776,0.41941857,-0.82238,0.9927222,0.4496205,0.3234494,-0.8654747,0.92324877,0.52299345,0.66072786,-0.009046491,0.99858034,0.422935,0.6464064,0.009370462,0.9979457,0.5037008,0.9085372,-0.073262595,0.2353576,0.3967589,0.88396615,-0.03945608,0.2417322,0.48339027,1.1107438,0.20750326,0.03317524,0.35900316,1.093742,0.21796878,0.033633795,0.48158216,1.1402144,0.22543325,0.032376368,0.35913706,1.122539,0.23457345,0.03490192,0.48135856,1.1676912,0.036825575,0.01857218,0.3432345,1.1611311,0.017617926,0.028220002,0.5174785,0.4445423,8.8013806e-08,0.51070344,0.42295945,-0.0063873422,0.49342138,0.41309342,-0.008880809,0.4769753,0.41371116,-0.009566758,0.46547222,0.41845632,-0.0103177065,0.49467525,0.42638013,-0.014780827,0.48055628,0.4263163,-0.019264989,0.4711591,0.42563957,-0.020628856,0.46405032,0.42381573,-0.021182012,0.49285346,0.4435226,-0.012645642,0.47542733,0.4487825,-0.017211664,0.4629367,0.44894114,-0.01826954,0.4540539,0.44765085,-0.01893313,0.4915578,0.45658106,-0.010352429,0.4736492,0.46225277,-0.0145951705,0.46111047,0.46184587,-0.01607886,0.45201594,0.4596694,-0.016747555,0.49084407,0.4648082,-0.008186525,0.4755173,0.46918353,-0.011811069,0.465377,0.46924466,-0.013415194,0.45786282,0.46741873,-0.014217429,0.40906084,0.30842233,9.9909876e-08,0.4292676,0.2984044,-0.0057523623,0.451864,0.30085945,-0.008868011,0.46852073,0.30590394,-0.010809371,0.48088118,0.3073404,-0.012421488,0.44455826,0.3258452,-0.007567203,0.45358709,0.34163922,-0.0110491095,0.46077308,0.35102543,-0.013595932,0.4669718,0.35791934,-0.015046419,0.43545222,0.33717626,-0.007010855,0.44726074,0.35789996,-0.008928021,0.45740882,0.36917776,-0.010130195,0.46622902,0.37753895,-0.011231327,0.4280203,0.34392563,-0.006816804,0.43997875,0.36319667,-0.009119831,0.4497176,0.37350014,-0.009721019,0.45824793,0.38115174,-0.009938779,0.42228568,0.34706452,-0.006960145,0.43164566,0.36174077,-0.008512146,0.43875676,0.36961776,-0.007913934,0.44506505,0.37537754,-0.0072438796
320.0,0.48735783,0.2387046,-0.46185166,0.9998565,0.49754763,0.21891436,-0.43039823,0.9998197,0.50475043,0.21886191,-0.43044725,0.9998221,0.51117533,0.21900874,-0.4305258,0.99981314,0.4775176,0.22055984,-0.43058375,0.99971193,0.47056708,0.22193834,-0.4306206,0.99965537,0.46417218,0.2241412,-0.4306922,0.9995121,0.52328944,0.23145348,-0.22797795,0.9998982,0.45762587,0.2411294,-0.23357877,0.99979633,0.50431114,0.26134002,-0.38461745,0.9999571,0.47810978,0.2637531,-0.38675562,0.99990404,0.5728682,0.35937816,-0.1687611,0.9999672,0.41654015,0.33547488,-0.18087518,0.9998105,0.6216917,0.5108028,-0.49836022,0.99874216,0.31382495,0.2690864,-0.5551841,0.9975725,0.4957114,0.44004846,-0.89768434,0.99032074,0.44026297,0.33215865,-0.9449033,0.90128815,0.49005,0.41924518,-0.8488029,0.9896359,0.45143646,0.33063534,-0.9022909,0.8812981,0.496525,0.41560477,-0.80508983,0.98495483,0.44848585,0.3252763,-0.8706215,0.87078005,0.52309066,0.6652241,-0.0031967196,0.99774843,0.4211677,0.6512071,0.0035252227,0.99708444,0.4927364,0.9084144,-0.051937718,0.17929786,0.39985302,0.8852298,-0.039004657,0.1922615,0.48243695,1.1137552,0.22056253,0.032940563,0.3629282,1.0952512,0.22372684,0.033894286,0.47901243,1.1436086,0.2377912,0.034206457,0.36335164,1.1239555,0.24082787,0.03325955,0.48293865,1.1719191,0.046407677,0.023033304,0.3477708,1.1636691,0.019899858,0.033132255,0.51715195,0.44387284,9.925114e-08,0.51074606,0.4216547,-0.0070622577,0.49256054,0.41132239,-0.00931681,0.47599894,0.41259247,-0.009582,0.46427944,0.41623533,-0.00989846,0.49293566,0.4266786,-0.015106792,0.47676972,0.427086,-0.019357542,0.46628958,0.42616597,-0.02043822,0.45861897,0.4243129,-0.020804333,0.49096635,0.4434742,-0.01248765,0.4729644,0.44904363,-0.016667921,0.46079022,0.44938654,-0.017700033,0.4522166,0.44810718,-0.01831381,0.4896756,0.45606044,-0.009724252,0.47205663,0.46135798,-0.013368039,0.46033043,0.46054357,-0.014858533,0.45182186,0.45803687,-0.015649239,0.48897627,0.46401456,-0.0071903467,0.4740552,0.46769208,-0.010507857,0.46483147,0.46717206,-0.012119431,0.4578691,0.46473327,-0.012906813,0.41411573,0.31146222,1.1513931e-07,0.43395275,0.30326775,-0.0051116496,0.45552754,0.30800363,-0.008464187,0.47048274,0.31704372,-0.010353334,0.4814975,0.32147944,-0.012125637,0.4502554,0.32382122,-0.013403438,0.46433228,0.34297842,-0.018019343,0.47272262,0.35513842,-0.019955246,0.47973633,0.3637054,-0.020684153,0.44080105,0.33746654,-0.012982427,0.4538629,0.36015505,-0.016134344,0.46362138,0.3731234,-0.017183796,0.4723094,0.38222015,-0.018004734,0.43208948,0.34696952,-0.012277929,0.44491726,0.367197,-0.015014217,0.4550781,0.37845165,-0.015473815,0.46346998,0.38614172,-0.015611159,0.4247785,0.35305768,-0.011645269,0.4366473,0.3677785,-0.0135959955,0.44539317,0.3759232,-0.01299201,0.45230526,0.38107437,-0.012155116
360.0,0.48705047,0.23930258,-0.45942366,0.9999751,0.4973387,0.21999171,-0.42717314,0.9999691,0.5043795,0.21973634,-0.42722413,0.9999739,0.51005614,0.2196953,-0.42729676,0.9999695,0.4778798,0.22168824,-0.42734078,0.999948,0.47126257,0.22300345,-0.42738125,0.99994254,0.4644933,0.22507317,-0.4274346,0.9999,0.5224652,0.23144507,-0.22392656,0.9999876,0.45812064,0.2410593,-0.22923385,0.999964,0.5031993,0.26098534,-0.3820813,0.9999914,0.47754928,0.26321784,-0.38444412,0.999977,0.56969583,0.3565108,-0.17253345,0.999982,0.41620713,0.3373806,-0.16388841,0.9998516,0.62130296,0.50857085,-0.5028162,0.9992506,0.31590223,0.2684322,-0.5352199,0.99785405,0.49526298,0.43828166,-0.9052023,0.9949868,0.43968785,0.33518356,-0.9398191,0.92853373,0.49045992,0.41702706,-0.8580635,0.9946061,0.45280233,0.33493736,-0.89623135,0.9127999,0.4966803,0.41347745,-0.8137428,0.99244374,0.44938245,0.33064488,-0.8655392,0.9101698,0.51959467,0.6592591,-0.019215241,0.9989741,0.42215344,0.6479121,0.019789094,0.9983746,0.5103665,0.9057534,-0.08047038,0.2612878,0.39673072,0.879234,0.035003968,0.24945267,0.4932487,1.1042489,0.19858553,0.02563789,0.37085742,1.083457,0.31815866,0.030859008,0.49347427,1.1357037,0.21683888,0.028357038,0.37241364,1.1145805,0.33804846,0.033282094,0.48721707,1.1618863,0.033118203,0.014735078,0.3485574,1.1462964,0.13476758,0.0256929,0.5196853,0.44332665,1.0354861e-07,0.5127129,0.42139322,-0.007414292,0.49371645,0.4109592,-0.009686957,0.47726148,0.41167927,-0.009873277,0.4651555,0.41492894,-0.010115662,0.49314776,0.42594337,-0.015291522,0.4756296,0.42813337,-0.019202603,0.46467504,0.42740408,-0.020034248,0.456844,0.425532,-0.02015482,0.49228612,0.44313413,-0.0123927435,0.4736183,0.45015687,-0.01628239,0.46149382,0.4502625,-0.016987907,0.45335564,0.44842264,-0.017239023,0.492085,0.45593038,-0.009392713,0.47418928,0.46220973,-0.012611255,0.46262437,0.46145025,-0.013855308,0.4544943,0.4584233,-0.0144118145,0.49214837,0.4640358,-0.0066960095,0.47720253,0.46781895,-0.009599318,0.4683335,0.46731663,-0.010937411,0.46197477,0.46469864,-0.011460921,0.42141426,0.31786513,1.3240242e-07,0.43863118,0.3148244,-0.001997775,0.4567632,0.3218242,-0.0036943217,0.47059676,0.32845324,-0.005269435,0.4807367,0.33196625,-0.0065855435,0.4604048,0.3317306,-0.0044835093,0.47490978,0.3440615,-0.008539936,0.48332635,0.35508114,-0.011393562,0.48869026,0.3645059,-0.013133091,0.45387375,0.34178767,-0.006102511,0.4671493,0.35682765,-0.008428976,0.47508875,0.3688397,-0.010288617,0.48029453,0.37954146,-0.0117337275,0.4440359,0.3507717,-0.007872256,0.4532147,0.37054116,-0.0109973345,0.45797187,0.38439488,-0.012672413,0.46063086,0.39617652,-0.013763889,0.43210688,0.3572617,-0.009668325,0.43441167,0.37443033,-0.01328189,0.43515158,0.38653317,-0.0141743785,0.43522424,0.39725736,-0.014268248
400.0,0.4891151,0.2401509,-0.42511517,0.9999734,0.49930003,0.22121114,-0.39224482,0.99997294,0.5058689,0.22092313,-0.39226884,0.99997365,0.5113768,0.22116652,-0.39235494,0.9999728,0.47950202,0.22297761,-0.39269435,0.999954,0.47253084,0.22403428,-0.39274186,0.9999404,0.465841,0.22600889,-0.3927808,0.9999088,0.5232948,0.23314002,-0.19021547,0.9999881,0.45839855,0.24355868,-0.19673198,0.99996495,0.5046972,0.262293,-0.34851673,0.999992,0.47976312,0.26511428,-0.35131615,0.999979,0.57350725,0.35927758,-0.1434047,0.99998546,0.4137712,0.3420913,-0.12517911,0.9998336,0.6206672,0.5089725,-0.46225768,0.99910456,0.31872708,0.27111113,-0.47909164,0.9971073,0.49851906,0.43630397,-0.836954,0.99196845,0.4534324,0.33191827,-0.8459451,0.8497965,0.49395323,0.41472435,-0.78765607,0.99108094,0.46416685,0.3328783,-0.79971594,0.81692743,0.49943,0.41212612,-0.7487148,0.9874094,0.45795026,0.33188125,-0.77653503,0.8123393,0.5189614,0.65866315,-0.025937574,0.99914813,0.42131755,0.6460356,0.026488341,0.99829715,0.5067898,0.8987639,-0.10397372,0.2590343,0.398185,0.8715261,0.05931325,0.19208662,0.50167054,1.0697755,0.14008965,0.041344587,0.36904198,1.0684019,0.35006937,0.0376349,0.4944435,1.1242757,0.15511525,0.045002565,0.3725079,1.0996308,0.3709016,0.039052777,0.49308664,1.1480705,-0.029961588,0.028689953,0.34179968,1.1293272,0.17418467,0.0364834,0.5206492,0.4430441,1.0073152e-07,0.5131338,0.42189842,-0.0069143744,0.4939882,0.41180763,-0.008929853,0.47745174,0.4121015,-0.009114456,0.46486142,0.41452402,-0.0093312785,0.4924288,0.42783514,-0.0127471415,0.47549272,0.43120897,-0.016164921,0.46560913,0.43054548,-0.016928162,0.4589097,0.42828235,-0.01700044,0.49202743,0.4447071,-0.010149451,0.47422674,0.4525833,-0.013460328,0.46269256,0.45297575,-0.014213388,0.45508507,0.45092955,-0.014587408,0.49235523,0.45724878,-0.0076482412,0.47469163,0.4641578,-0.010689525,0.46369398,0.46288612,-0.012125146,0.4563854,0.45916665,-0.012816342,0.49303082,0.4651982,-0.00541334,0.4779272,0.46946755,-0.008156389,0.4689278,0.46870992,-0.009556918,0.46255806,0.46559846,-0.010181595,0.42675927,0.34072375,7.507257e-08,0.42981407,0.3579169,-0.005451187,0.43990037,0.37163448,-0.009927067,0.44575512,0.38443938,-0.014936066,0.4482897,0.3979401,-0.019323347,0.4793337,0.34672213,-0.0054296204,0.49926966,0.35027024,-0.014670847,0.5005078,0.36909774,-0.022400275,0.49476126,0.38559198,-0.026506376,0.48183075,0.34018856,-0.00696088,0.50194895,0.34529763,-0.015006764,0.50329804,0.3664013,-0.020906907,0.49724677,0.38317126,-0.024043981,0.48185194,0.3384258,-0.009465922,0.50075686,0.34470308,-0.015691077,0.50375485,0.36286083,-0.018615477,0.49970186,0.37725314,-0.01943738,0.47872978,0.3402803,-0.012734066,0.49539378,0.34713545,-0.016024243,0.50078344,0.36089277,-0.015899932,0.49967584,0.3730389,-0.0149190035
440.0,0.48786527,0.24064761,-0.416091,0.9997768,0.4980795,0.22117111,-0.38109204,0.9997328,0.5051086,0.22077161,-0.381173,0.99975735,0.51154333,0.22049215,-0.38126674,0.999739,0.47790605,0.22387569,-0.38376015,0.99957055,0.47087967,0.22559537,-0.3837896,0.99950886,0.46425185,0.22798006,-0.38385856,0.99927336,0.5226921,0.23269479,-0.17553657,0.99986255,0.45741564,0.24300215,-0.19247386,0.9997117,0.504358,0.26177564,-0.33875492,0.9999155,0.4778032,0.2652131,-0.34414873,0.99982077,0.57239544,0.35852313,-0.120566174,0.9999565,0.41397876,0.3421698,-0.14398399,0.99961877,0.6217864,0.5081956,-0.43156677,0.9980519,0.32151443,0.27931643,-0.5007349,0.99649054,0.4998166,0.43764144,-0.8130335,0.9832787,0.46925893,0.33019593,-0.8441719,0.8574933,0.4944782,0.41792953,-0.76705545,0.9822656,0.4762418,0.32846928,-0.800003,0.83014923,0.50028586,0.415017,-0.7248936,0.97587603,0.47103828,0.32922435,-0.7728827,0.81692046,0.51703304,0.6606104,-0.0060408446,0.9979013,0.41915238,0.6473978,0.0065355287,0.99643517,0.48877653,0.8974355,-0.07076952,0.19445898,0.39977282,0.8771527,-0.015461702,0.19621012,0.47960845,1.104025,0.17413084,0.03467347,0.3613046,1.0840166,0.23769152,0.032023557,0.47745043,1.1347626,0.18870535,0.036130276,0.36179194,1.1124976,0.2539085,0.034410436,0.4792299,1.1571485,0.0003072311,0.02085187,0.34352475,1.148126,0.041889753,0.02617013,0.5220937,0.44401628,1.1017561e-07,0.5144578,0.42142418,-0.007703662,0.49515393,0.41125894,-0.009956965,0.47859102,0.4119605,-0.01009967,0.46592027,0.4142513,-0.010204316,0.49426275,0.42884415,-0.014700465,0.47653195,0.43280765,-0.018457688,0.46614027,0.43115523,-0.019144366,0.4594528,0.42764077,-0.018998167,0.49425018,0.44597045,-0.011587339,0.47529578,0.45451343,-0.015244147,0.46325094,0.45362538,-0.015812766,0.4561095,0.45014566,-0.01589618,0.49467513,0.45818928,-0.008540213,0.47576484,0.4656282,-0.011943617,0.46409506,0.46337157,-0.013657738,0.45642483,0.45854595,-0.014379581,0.4949562,0.46542737,-0.00577447,0.47878587,0.4690143,-0.008972372,0.46909538,0.46745738,-0.010792067,0.462379,0.46360737,-0.011606143,0.4252083,0.3276891,1.6412936e-07,0.44796962,0.34789905,0.00066903385,0.46838555,0.3629259,-0.0037828793,0.48139808,0.37583047,-0.009338319,0.49057564,0.38558736,-0.015383257,0.48537695,0.33539662,-0.013093296,0.49938968,0.35890362,-0.024412896,0.5008896,0.3795684,-0.031764757,0.49902385,0.39410204,-0.036237925,0.47587436,0.33159384,-0.01943372,0.4896152,0.35643205,-0.028479746,0.49254254,0.37428707,-0.032908637,0.49246952,0.3850973,-0.03659315,0.46177116,0.33232242,-0.025636606,0.47472766,0.3554788,-0.035673376,0.47802392,0.3699056,-0.03893589,0.47897092,0.37846443,-0.041168224,0.44598892,0.33802003,-0.031411957,0.4515403,0.3625285,-0.039096955,0.45305035,0.37624773,-0.04044807,0.4532926,0.38563183,-0.041286245
480.0,0.48777136,0.23779827,-0.45341402,0.99992955,0.4978639,0.21853572,-0.42072016,0.99991333,0.5045347,0.21834683,-0.42078984,0.9999168,0.51013464,0.21869946,-0.42087963,0.99991393,0.4789235,0.22029212,-0.42294735,0.99986553,0.47237608,0.22162223,-0.42298415,0.99983704,0.465517,0.22362481,-0.42304242,0.99976414,0.5215018,0.2313318,-0.21713378,0.9999523,0.45684686,0.24060988,-0.2318731,0.9998903,0.503576,0.2598715,-0.37607864,0.999974,0.47892138,0.2622453,-0.3809739,0.999943,0.5700522,0.35891423,-0.16184972,0.99996674,0.4149945,0.3373518,-0.17826794,0.9997615,0.6211609,0.50467396,-0.47911698,0.9983683,0.32018274,0.28127256,-0.5546306,0.99739444,0.49990717,0.44133854,-0.88039505,0.98920476,0.4545185,0.33291516,-0.9489914,0.9049693,0.49520612,0.4203844,-0.83827955,0.98845226,0.46544594,0.32908463,-0.9038037,0.88498116,0.5009767,0.4176159,-0.79266995,0.9838711,0.4610184,0.32564905,-0.8720481,0.87311774,0.51673573,0.6610097,-0.009218662,0.9982436,0.41795653,0.6477396,0.009695403,0.99723595,0.50881594,0.9067936,-0.071552254,0.20060156,0.39504433,0.8847458,0.0143759195,0.20695807,0.48675728,1.101524,0.17389432,0.03544437,0.36272228,1.0851634,0.27791634,0.04055712,0.48473698,1.1311855,0.18899432,0.038465664,0.36405542,1.1146437,0.29545748,0.037842747,0.48485565,1.1598952,0.005151696,0.025237937,0.34277016,1.1503694,0.09082106,0.034908682,0.52293587,0.4436969,1.1214001e-07,0.5153158,0.42209882,-0.0071075326,0.49638087,0.41171432,-0.009381723,0.48035637,0.4126194,-0.009620992,0.4682622,0.41524574,-0.009841371,0.49520278,0.42821124,-0.014848181,0.4779775,0.43135655,-0.018790793,0.46720505,0.42981476,-0.019545546,0.4601681,0.4266778,-0.019369306,0.49492136,0.44526663,-0.012070576,0.4754358,0.45398596,-0.01579327,0.4634101,0.45276642,-0.0161287,0.456526,0.44872147,-0.015960308,0.49510387,0.45753092,-0.009236189,0.4760377,0.46590728,-0.012602977,0.46452242,0.46324506,-0.014038925,0.45757365,0.45774916,-0.014500284,0.49547857,0.46493894,-0.006633076,0.47904384,0.46965763,-0.009598471,0.46966285,0.46808198,-0.01102779,0.46358073,0.4639584,-0.01151425,0.41977692,0.3142993,1.4863214e-07,0.4452685,0.31623077,0.00032585114,0.46721914,0.32863253,-0.0028545603,0.47951606,0.3456998,-0.0064379284,0.48570955,0.36146444,-0.010160075,0.47285864,0.32139286,-0.010319039,0.49066618,0.33134925,-0.017671555,0.49885508,0.34346122,-0.02225826,0.5039655,0.35503438,-0.024952808,0.46257603,0.3321668,-0.014770558,0.48030537,0.35325903,-0.020490779,0.4897514,0.36966872,-0.023344053,0.49602035,0.3845142,-0.025483346,0.45014548,0.3443348,-0.01890966,0.4643422,0.37064496,-0.024233578,0.47213995,0.38555872,-0.026188439,0.47756222,0.39689097,-0.027431674,0.43714926,0.35577548,-0.022919094,0.44450626,0.37826958,-0.02638267,0.448633,0.38989583,-0.026423793,0.45209515,0.39976367,-0.026186353
520.0,0.48607957,0.23958156,-0.41163522,0.99995244,0.49598616,0.21975324,-0.3773948,0.9999335,0.5028854,0.21941352,-0.37745503,0.9999373,0.5087833,0.21946552,-0.37751028,0.9999329,0.47709766,0.22188708,-0.37901795,0.9998982,0.4705954,0.22356234,-0.37904522,0.9998797,0.4638034,0.22585008,-0.37910983,0.9998197,0.5212508,0.23168172,-0.17479646,0.9999645,0.45610088,0.24237622,-0.18633613,0.999918,0.50257945,0.26160434,-0.33561695,0.99997914,0.47792152,0.26413068,-0.3396047,0.9999515,0.5702255,0.36010817,-0.12588371,0.9999702,0.41460797,0.3418261,-0.14171378,0.9997869,0.6215986,0.50213176,-0.43439075,0.9985436,0.3197244,0.28556412,-0.51048803,0.9977794,0.498051,0.43735164,-0.8056482,0.98955125,0.45429146,0.3300965,-0.8800025,0.9157344,0.4932589,0.417296,-0.7618217,0.9886552,0.46449906,0.3260202,-0.83474696,0.8972104,0.49902508,0.4142456,-0.7207577,0.9848674,0.46053532,0.32278168,-0.80531895,0.88946635,0.5168368,0.66553587,-0.008063572,0.9987213,0.41586354,0.65240115,0.008576952,0.998028,0.5070726,0.9139669,-0.06471496,0.19153877,0.39408138,0.8874925,0.021129726,0.20620927,0.48675343,1.1149468,0.17570557,0.03153093,0.35916466,1.1013678,0.2784035,0.037074056,0.48546743,1.1457742,0.19023956,0.03320714,0.36029744,1.1316689,0.29534844,0.03287608,0.48537347,1.171982,0.0055223466,0.021439852,0.33830476,1.1671824,0.08885005,0.031914223,0.52505225,0.44421822,1.01441486e-07,0.5177898,0.42260772,-0.006574954,0.4989078,0.41202098,-0.008508216,0.482866,0.4130994,-0.008532153,0.47095105,0.41617298,-0.008562422,0.4966349,0.4273147,-0.013821612,0.48026788,0.42913723,-0.017563034,0.46963644,0.42810005,-0.018389344,0.4625591,0.42573637,-0.018392788,0.4963333,0.44424576,-0.011323699,0.47705516,0.45226833,-0.015171655,0.4646884,0.4515622,-0.015879052,0.4569636,0.448869,-0.015942484,0.4964919,0.45651427,-0.008751681,0.4777021,0.4645705,-0.01224148,0.46586102,0.46273863,-0.013963197,0.45810062,0.45882988,-0.014607557,0.49703324,0.46407944,-0.006375238,0.48117572,0.46900278,-0.009435045,0.47191003,0.4682695,-0.011042561,0.46565914,0.46535847,-0.011670921,0.41987705,0.31467646,1.2179741e-07,0.44255248,0.30731243,-0.0009233105,0.46441135,0.31272778,-0.0013707675,0.47977102,0.31729764,-0.0016536001,0.4909724,0.31809947,-0.0019502753,0.4673713,0.3266597,-0.0038801082,0.48367167,0.34261402,-0.0068246946,0.49296314,0.35418895,-0.008662533,0.49965063,0.3629997,-0.009635707,0.45987445,0.3425602,-0.0055923546,0.47603393,0.36350757,-0.0065796543,0.4856198,0.37653992,-0.007754944,0.4934882,0.38661593,-0.009029946,0.4507896,0.35521743,-0.0072499313,0.46371138,0.37699115,-0.008677428,0.47192353,0.39024544,-0.009538119,0.47906682,0.3999885,-0.010489476,0.44103462,0.3635647,-0.008888323,0.44791678,0.3803928,-0.00982143,0.45202538,0.38984558,-0.009064084,0.45544162,0.39687866,-0.008491884
560.0,0.4859161,0.23748358,-0.4402533,0.9998491,0.49675858,0.21878788,-0.40780827,0.9997985,0.50332415,0.21836486,-0.40786424,0.9997938,0.5090212,0.21855935,-0.4079386,0.99979407,0.47702014,0.22085279,-0.40860686,0.99970764,0.47044712,0.22188887,-0.40864068,0.9996476,0.46374524,0.22386588,-0.40871888,0.9995388,0.52081066,0.23034249,-0.21026075,0.9998685,0.45586106,0.24088706,-0.21773219,0.999767,0.5020346,0.25879255,-0.36566997,0.99994504,0.47693405,0.26219568,-0.3683628,0.99988997,0.5720346,0.35895172,-0.16060524,0.99994993,0.4125854,0.33943164,-0.17537616,0.99975747,0.62375295,0.5012487,-0.48453525,0.9979321,0.31743294,0.28645554,-0.5595968,0.9974362,0.5001484,0.44028428,-0.8793194,0.9849482,0.45345736,0.33533928,-0.9466986,0.9003166,0.49332148,0.42001927,-0.83398396,0.9837727,0.46517536,0.3309388,-0.9017426,0.87865204,0.49885622,0.41681698,-0.78983265,0.97740185,0.46109086,0.3276964,-0.8692808,0.86462474,0.51752687,0.6619421,-0.0041408143,0.99747974,0.41746217,0.6472796,0.0045245625,0.9965886,0.49010056,0.90059566,-0.059557993,0.17625786,0.39569414,0.88987744,-0.017308857,0.19983336,0.48212612,1.103717,0.19587842,0.037553377,0.3562128,1.0880681,0.2398991,0.04204194,0.479214,1.1330659,0.21137919,0.035809692,0.3568341,1.1169481,0.256426,0.03323587,0.4814921,1.1613526,0.02260014,0.025900489,0.33915284,1.1546261,0.042392235,0.037352625,0.5253811,0.4450312,1.0530356e-07,0.519169,0.4215841,-0.007878547,0.49957964,0.411645,-0.009944436,0.48257425,0.41220638,-0.00986862,0.46974024,0.41466165,-0.009733915,0.497742,0.42721194,-0.014888858,0.48047343,0.42878124,-0.018587401,0.4697022,0.42778087,-0.019223947,0.4623616,0.42585552,-0.019177068,0.49629703,0.4446949,-0.01162449,0.47794008,0.45186552,-0.015772816,0.4658099,0.4506538,-0.01645054,0.45783544,0.4477077,-0.016461145,0.49555972,0.45741218,-0.008372113,0.47718364,0.46361208,-0.012129168,0.46554086,0.4609436,-0.013650874,0.45724913,0.4565039,-0.014111128,0.49508262,0.4649253,-0.005414074,0.47949025,0.46849692,-0.008751273,0.47016507,0.4669082,-0.010352765,0.46346992,0.4633087,-0.010901261,0.42392027,0.31446084,1.3412043e-07,0.44739848,0.3182564,3.2012118e-05,0.46885768,0.33149886,-0.0015431882,0.48259416,0.3458299,-0.0034436206,0.4907394,0.35780546,-0.005077125,0.47513005,0.32586628,-0.006192243,0.49045622,0.33856937,-0.0119655505,0.49738383,0.3514448,-0.015434532,0.50124276,0.36330256,-0.017311532,0.46523905,0.33388788,-0.009560846,0.4780668,0.35132292,-0.014312851,0.48485595,0.36586365,-0.016560955,0.48887187,0.379219,-0.017925603,0.45243433,0.34367973,-0.0129157705,0.46156695,0.36670342,-0.017547773,0.46720958,0.3823716,-0.018644594,0.47145793,0.39519382,-0.018988023,0.43892097,0.35344884,-0.016243232,0.44472548,0.37493983,-0.019510727,0.44843692,0.38818994,-0.019559504,0.45175728,0.40004304,-0.01905471
600.0,0.48507637,0.2376664,-0.43365505,0.9997553,0.49534464,0.22041568,-0.40024343,0.9997147,0.5021978,0.22022554,-0.4003035,0.999703,0.50825214,0.22042236,-0.40039998,0.99970955,0.47517663,0.22186053,-0.40191787,0.9995782,0.46849835,0.22307962,-0.4019491,0.99947506,0.46230224,0.22490433,-0.40202305,0.9993318,0.5194649,0.23196763,-0.20006199,0.99982125,0.45478913,0.24111846,-0.21181348,0.999668,0.50070304,0.2602013,-0.35803255,0.99991393,0.47498563,0.2628421,-0.36195406,0.9998317,0.5691078,0.3562049,-0.14952838,0.99992967,0.41235584,0.33479884,-0.17111903,0.99961734,0.6221732,0.4992209,-0.47348788,0.99711525,0.31518513,0.286827,-0.5581411,0.9965856,0.5019969,0.4394626,-0.8629433,0.97609043,0.4597607,0.33815876,-0.9373932,0.8526247,0.49440902,0.4192609,-0.81812984,0.97409546,0.46873906,0.33793384,-0.89036554,0.8223512,0.499152,0.41632256,-0.7755745,0.9645766,0.46282148,0.33801216,-0.8605684,0.8005531,0.5155932,0.66075265,-0.0059066224,0.99728465,0.4176769,0.64470416,0.006295277,0.99580693,0.48888782,0.8914144,-0.07713944,0.1601604,0.39546412,0.88648653,-0.015639614,0.1647282,0.47707832,1.0951344,0.16525437,0.038261604,0.35769802,1.0766966,0.24327801,0.039393056,0.47328186,1.1241907,0.17968927,0.041692074,0.35922384,1.1051772,0.26001722,0.035046797,0.477,1.1537755,-0.007944107,0.029840628,0.33905548,1.14266,0.0494998,0.036162216,0.5272054,0.4448859,1.0082494e-07,0.5215447,0.42184433,-0.007952521,0.50221056,0.41146094,-0.010245193,0.48505738,0.411439,-0.010345941,0.47267184,0.4148314,-0.010442924,0.5000773,0.42693314,-0.015500251,0.48289734,0.42766798,-0.019494938,0.47185287,0.42700335,-0.02037445,0.46434498,0.4255559,-0.02052952,0.4984045,0.4445252,-0.012311234,0.4795904,0.45115954,-0.016646989,0.46721476,0.4498658,-0.017505538,0.45914763,0.4470761,-0.017680382,0.49751422,0.45730808,-0.009119604,0.47864783,0.4633519,-0.013059467,0.46676704,0.460501,-0.014825795,0.45862973,0.45615172,-0.015504632,0.49694973,0.4646259,-0.0062097814,0.4809891,0.46797302,-0.009791559,0.47150108,0.46636322,-0.011623236,0.464905,0.46288818,-0.012379813,0.44537207,0.33943546,1.623831e-07,0.45850727,0.36317468,-0.0069234334,0.46842933,0.37785906,-0.013248011,0.4709685,0.38842723,-0.019795736,0.47504407,0.39454606,-0.026042327,0.50736356,0.34231994,-0.011581085,0.5120551,0.3537238,-0.022221575,0.5057438,0.37327445,-0.031698447,0.4970896,0.39106613,-0.03775142,0.49748164,0.33072817,-0.014545475,0.50000805,0.3421136,-0.02280966,0.49701172,0.36331943,-0.028892748,0.49059644,0.38074225,-0.033296943,0.4819678,0.32295793,-0.018311141,0.47625536,0.33759198,-0.026672743,0.47301346,0.34937847,-0.028820598,0.46990708,0.35595945,-0.029930841,0.46395373,0.321553,-0.022919063,0.45617333,0.34034604,-0.02859668,0.45283478,0.35316288,-0.027377494,0.45045382,0.36061186,-0.025865242
640.0,0.48357418,0.23940666,-0.43987307,0.9998871,0.49358407,0.2214958,-0.40643534,0.99985707,0.50063515,0.22130811,-0.40648207,0.99985135,0.5071381,0.22156364,-0.40654773,0.9998573,0.47398016,0.22252965,-0.40811217,0.9997919,0.4672607,0.22361094,-0.40815172,0.999741,0.46167946,0.22523645,-0.40823326,0.9996617,0.51899374,0.23462826,-0.20570038,0.9999075,0.45424393,0.2419521,-0.21736205,0.9998197,0.49929783,0.2624907,-0.36438853,0.9999559,0.47330332,0.2644624,-0.36840338,0.9999062,0.5689706,0.35937372,-0.15611419,0.99994767,0.4105583,0.34225625,-0.17925322,0.99973017,0.62278146,0.4991471,-0.48781985,0.99749005,0.31360996,0.29035947,-0.5724489,0.9972306,0.50486857,0.43809927,-0.8753921,0.98203063,0.45473036,0.32962826,-0.95213515,0.8850286,0.4980335,0.41690528,-0.82931817,0.98024493,0.4636646,0.33151597,-0.904364,0.85856336,0.50233495,0.41458246,-0.7892373,0.9732281,0.45792606,0.33131295,-0.8756914,0.845202,0.51778597,0.66597986,-0.004612601,0.9978277,0.41859213,0.6495403,0.0050574155,0.99688715,0.49015856,0.8996669,-0.06942527,0.12010213,0.39461344,0.8956724,0.0010255171,0.13753738,0.4813042,1.1052601,0.15299153,0.025611393,0.35488525,1.0864058,0.25541288,0.029620169,0.47809508,1.1350942,0.16532768,0.028052595,0.35601428,1.1154722,0.27156267,0.024627116,0.48161262,1.1635776,-0.024303826,0.020615226,0.33623865,1.1527889,0.0623456,0.02902548,0.528061,0.44300467,8.745564e-08,0.5218523,0.4207774,-0.0064734374,0.5032331,0.4105861,-0.008533437,0.4870823,0.41014132,-0.008847687,0.4763309,0.41442272,-0.009322373,0.501717,0.42403173,-0.014427004,0.4852601,0.42589423,-0.018618694,0.47401777,0.42634913,-0.019947236,0.4659458,0.42567763,-0.020518782,0.50043637,0.44111452,-0.012250147,0.48227873,0.44885492,-0.016740272,0.4696643,0.4494097,-0.018000945,0.46050066,0.44813555,-0.018596662,0.49964637,0.4542773,-0.009884302,0.4813198,0.46122405,-0.013832743,0.46932474,0.46024927,-0.015138792,0.46070257,0.45743787,-0.015569397,0.49912754,0.46294174,-0.007712792,0.4835568,0.46699345,-0.010977498,0.47392708,0.46664402,-0.012111502,0.46700218,0.46439812,-0.012444502,0.4299533,0.34087214,1.2923027e-07,0.43903437,0.3584901,-0.0037984462,0.4492463,0.37136492,-0.00806179,0.45437196,0.38480043,-0.012939398,0.45790645,0.3925714,-0.017817218,0.4739377,0.3383122,-0.0055797705,0.488779,0.3444161,-0.013072197,0.49385735,0.36004502,-0.019482123,0.49420682,0.37531134,-0.023428086,0.47164294,0.32875067,-0.008364391,0.4874487,0.32651153,-0.013406032,0.49614617,0.33923274,-0.018079199,0.49821192,0.35355714,-0.021507466,0.46410206,0.32443985,-0.011840735,0.4770344,0.32502565,-0.018205643,0.48493034,0.33879745,-0.023428923,0.48726702,0.35273063,-0.026818454,0.4530939,0.32727194,-0.015607446,0.4545289,0.33590102,-0.021997899,0.45715672,0.34653217,-0.024954138,0.45660606,0.35656026,-0.026386758
680.0,0.48452622,0.23743254,-0.45080328,0.99989665,0.4950259,0.21982709,-0.41900572,0.9998671,0.50164914,0.21939686,-0.41907257,0.9998671,0.50760126,0.21949777,-0.4191565,0.99986494,0.4751546,0.22179198,-0.42020744,0.9998084,0.4686489,0.22286357,-0.42024475,0.99977046,0.4621795,0.22479871,-0.4203179,0.9996972,0.51845014,0.2310005,-0.22246,0.99991477,0.45341063,0.24198344,-0.23203859,0.999853,0.5006922,0.2589329,-0.3762644,0.99995816,0.47536385,0.26209795,-0.379563,0.999918,0.57068413,0.35931277,-0.17093326,0.9999548,0.4090495,0.3404275,-0.18588111,0.9997851,0.622264,0.49885595,-0.49572712,0.99780315,0.3122806,0.29260474,-0.57247967,0.9975298,0.50588477,0.4426381,-0.9012855,0.9846223,0.45526177,0.33481517,-0.9684489,0.90933084,0.49926403,0.41997385,-0.8584259,0.98345274,0.46560678,0.3318125,-0.92253107,0.88930815,0.50431645,0.41708195,-0.81359136,0.97732055,0.46002004,0.32979378,-0.8904119,0.87575114,0.51670927,0.66506445,-0.009179948,0.9979011,0.41675887,0.64966613,0.009584774,0.9968911,0.48993525,0.8992131,-0.065235935,0.16175935,0.39572757,0.88737863,-0.004168569,0.17411384,0.48269653,1.1057779,0.16004139,0.03643565,0.3553051,1.0866714,0.24323788,0.03855868,0.48045,1.1358602,0.17261021,0.03723712,0.35708636,1.1162219,0.25898942,0.035420585,0.4819549,1.1632204,-0.011989627,0.026526773,0.33430615,1.1520712,0.054618914,0.034999885,0.52873194,0.44448286,9.626923e-08,0.523268,0.42214116,-0.00641104,0.505311,0.41196522,-0.008586192,0.48922172,0.4119696,-0.008954112,0.47889867,0.41664836,-0.0095066745,0.50366235,0.42504168,-0.0152427815,0.48704585,0.42459562,-0.019570787,0.47579202,0.42401168,-0.02089663,0.46790028,0.42274797,-0.021381754,0.50172937,0.44211212,-0.0129363565,0.4823193,0.4490361,-0.01723898,0.4696357,0.4493007,-0.018373197,0.4610865,0.44791082,-0.018911373,0.5003086,0.4548268,-0.010342988,0.4812213,0.46144322,-0.01405015,0.4690752,0.459922,-0.015618711,0.46105114,0.456966,-0.01629677,0.49945152,0.46252382,-0.00790319,0.48360014,0.4666441,-0.01098024,0.47428703,0.4659358,-0.012293443,0.46816933,0.46347728,-0.012793452,0.4256189,0.32211122,1.0264694e-07,0.44778302,0.3239122,0.0020729473,0.4687523,0.33300793,-0.0002794183,0.48096436,0.3440603,-0.003788626,0.48772487,0.3561303,-0.007452162,0.47672513,0.3247827,-0.007720619,0.4907669,0.33799005,-0.015488186,0.49385056,0.3500047,-0.020084903,0.49335662,0.35791624,-0.02285845,0.46767592,0.3286361,-0.013666987,0.48082346,0.34238255,-0.020102685,0.48482364,0.35598406,-0.023106255,0.48486832,0.3664024,-0.025258621,0.4558318,0.33602795,-0.019357957,0.4664797,0.35527858,-0.026055561,0.4708256,0.37025112,-0.028560499,0.47295767,0.38144702,-0.030084092,0.44217443,0.34657076,-0.024750572,0.44606137,0.36869833,-0.030318972,0.4492139,0.38277808,-0.03198293,0.4513306,0.39424405,-0.03270886
720.0,0.4850553,0.2388553,-0.4262287,0.99991107,0.49500757,0.21938583,-0.39173737,0.9998878,0.5017073,0.21895361,-0.39179036,0.9998746,0.5072505,0.21918651,-0.39186364,0.99987745,0.4752794,0.22201276,-0.39365456,0.9998356,0.46837538,0.22335815,-0.39369726,0.9997881,0.46147123,0.225628,-0.39377445,0.99973255,0.5191832,0.2307114,-0.1858165,0.99991894,0.45239115,0.24343978,-0.19825563,0.99986863,0.5013803,0.26094753,-0.34863746,0.999967,0.47690952,0.26478687,-0.3528741,0.9999348,0.5705129,0.36004034,-0.12982963,0.999949,0.41025752,0.33956105,-0.15758708,0.9998066,0.6220935,0.502003,-0.45382372,0.9976834,0.3133918,0.29516754,-0.531778,0.9978573,0.505296,0.43923908,-0.8528534,0.9833475,0.44687003,0.33552793,-0.9060819,0.9235093,0.4979534,0.41839167,-0.80657953,0.98175687,0.45781353,0.33347297,-0.8613455,0.90631914,0.5030461,0.4151281,-0.7648156,0.975834,0.45380744,0.32918853,-0.8301129,0.8942439,0.5170593,0.6668816,-0.0052562905,0.99859554,0.41628015,0.65512925,0.005669106,0.9979898,0.5091652,0.91578305,-0.06590587,0.14847791,0.3951105,0.89025944,0.015908005,0.15545893,0.4917739,1.1111991,0.19073445,0.0304066,0.36120054,1.0969174,0.2992102,0.034985524,0.4899753,1.1420629,0.20720215,0.034338776,0.36260974,1.1270481,0.31887892,0.029607166,0.4931217,1.1685355,0.01949483,0.025818886,0.34193984,1.1634073,0.10662826,0.037160818,0.5278071,0.4443406,1.0416352e-07,0.5224677,0.42110553,-0.0074902033,0.5038335,0.41069472,-0.009662778,0.4877739,0.41077733,-0.009705852,0.47627583,0.41413832,-0.00979489,0.50253284,0.42622295,-0.015946064,0.48603863,0.42660835,-0.019978018,0.47527042,0.42568308,-0.020838108,0.46758738,0.4241914,-0.021009078,0.5004307,0.4435362,-0.012966095,0.4816446,0.44946134,-0.017173786,0.46932432,0.4484803,-0.018025478,0.4613075,0.4463532,-0.018298125,0.49901536,0.45637485,-0.0098314835,0.48058507,0.46182013,-0.013512177,0.4687498,0.4592284,-0.015319344,0.46075225,0.45547092,-0.01612526,0.49811897,0.46416578,-0.0069387904,0.4824319,0.4677511,-0.010223324,0.47311404,0.4662205,-0.012070339,0.46677014,0.46279025,-0.012919687,0.41691953,0.31415677,1.6349625e-07,0.43891054,0.3094987,-0.0015498473,0.45808676,0.32143053,-0.0040960154,0.46710944,0.34056854,-0.006523952,0.4687862,0.35689116,-0.009067458,0.46275988,0.32121527,-0.009131209,0.48106077,0.33617526,-0.0139561165,0.4905341,0.34912628,-0.016900755,0.4972941,0.360455,-0.018681888,0.45480144,0.33551577,-0.011474013,0.47180948,0.35696295,-0.014760544,0.48102945,0.3710097,-0.017246375,0.48807463,0.38282683,-0.019277463,0.4446632,0.34842333,-0.013560277,0.45709366,0.37412912,-0.017216763,0.46478382,0.38937005,-0.020306168,0.47005296,0.40094343,-0.022400066,0.43410444,0.35836112,-0.01562933,0.44032395,0.3798118,-0.0187902,0.44424078,0.39319184,-0.020086396,0.44683325,0.40493152,-0.02067728
760.0,0.48451757,0.23694141,-0.40495193,0.9999505,0.4942578,0.21736088,-0.3698794,0.9999335,0.50100154,0.21730497,-0.3699633,0.99993694,0.50617456,0.21776226,-0.37001827,0.99993277,0.474924,0.21936956,-0.3722296,0.9998965,0.46832836,0.22079536,-0.3722556,0.99988174,0.46125564,0.22292286,-0.37232864,0.99982697,0.5177952,0.23049188,-0.16704299,0.99996483,0.4522351,0.24121626,-0.1822835,0.9999343,0.50015193,0.25894663,-0.3293457,0.99998,0.4754395,0.26198438,-0.3342041,0.9999573,0.56640416,0.35716888,-0.1293053,0.99997425,0.40801758,0.34154552,-0.15966186,0.99986327,0.6195189,0.49763352,-0.48116857,0.9986123,0.3152119,0.2940107,-0.57422936,0.99820805,0.5040637,0.44047877,-0.91616726,0.9918258,0.4456507,0.3383044,-0.9822616,0.945104,0.4967236,0.4185583,-0.8728665,0.9913011,0.4564945,0.33659676,-0.93933904,0.9341176,0.5016076,0.4144113,-0.822094,0.988785,0.45305946,0.33290944,-0.90118843,0.929871,0.5152367,0.6636798,-0.0024404754,0.99910647,0.41608095,0.6491602,0.0029529058,0.99850994,0.5023272,0.9078953,-0.06141466,0.1609624,0.40041187,0.8934552,0.01836637,0.17051779,0.48302892,1.1154584,0.18173502,0.021702243,0.36400387,1.0990996,0.28727165,0.0232638,0.48222515,1.1472732,0.19643554,0.02675798,0.36508527,1.1289803,0.30496866,0.024479188,0.48174885,1.1700273,0.010586573,0.014545965,0.3464247,1.1654027,0.099147245,0.021056037,0.52909505,0.44530356,1.03624096e-07,0.52419215,0.42177814,-0.0075522694,0.50592303,0.41167477,-0.010045276,0.48992735,0.41285354,-0.010455203,0.47984752,0.41849408,-0.0109155625,0.5035349,0.4256658,-0.016613126,0.48525798,0.42570788,-0.021191092,0.47368354,0.42470455,-0.022342386,0.46559107,0.4231536,-0.022677168,0.50139517,0.44324592,-0.013750241,0.4826111,0.44936585,-0.018743407,0.47005135,0.4487583,-0.019843534,0.46149135,0.44680142,-0.020155849,0.49989778,0.4563017,-0.010729437,0.4813919,0.4617153,-0.014814451,0.46928218,0.45924318,-0.016459487,0.46105587,0.4554066,-0.017061409,0.4989695,0.46420524,-0.007979612,0.48314762,0.46790823,-0.011343492,0.4736231,0.46649882,-0.01297289,0.46726373,0.4632738,-0.013622319,0.41787648,0.31789646,1.602968e-07,0.4384179,0.32196322,0.0006350171,0.45685697,0.33405206,-0.0012184447,0.46867347,0.34671217,-0.0037708469,0.47569695,0.35699004,-0.0059605814,0.4638584,0.3273217,-0.008137245,0.4846059,0.33625117,-0.015938677,0.4924702,0.3512674,-0.020510286,0.49484164,0.36520058,-0.022664452,0.45758405,0.33146635,-0.012237483,0.4770077,0.3421532,-0.019005653,0.48511305,0.35839194,-0.021665191,0.48699623,0.37251514,-0.022796806,0.4473639,0.33865654,-0.01630109,0.46104893,0.35592583,-0.022510337,0.46748716,0.37250808,-0.02496821,0.46991065,0.38555774,-0.02591911,0.43487805,0.34775624,-0.020299306,0.4403463,0.36866683,-0.025445433,0.4435577,0.38336933,-0.027205456,0.44524017,0.39562622,-0.027644902
800.0,0.48453113,0.23694706,-0.41484287,0.9999182,0.4949173,0.21822575,-0.3800896,0.9999,0.50130105,0.2182987,-0.380137,0.9998846,0.50672525,0.21851063,-0.3802074,0.9998915,0.47401,0.21966812,-0.38229108,0.9998585,0.46688914,0.22071826,-0.38233513,0.99981636,0.45992944,0.22253889,-0.382402,0.9997811,0.51784086,0.23070794,-0.18169801,0.9999256,0.45061028,0.24078901,-0.19548653,0.9998877,0.49949974,0.26115403,-0.34083232,0.99996877,0.4745376,0.26351607,-0.3453901,0.9999418,0.56769145,0.35835385,-0.14093377,0.99995327,0.40392545,0.34359837,-0.16431811,0.9998097,0.6188435,0.49717727,-0.4726009,0.99766374,0.3131173,0.30279103,-0.5513131,0.9977437,0.50560117,0.4344417,-0.86419636,0.98109573,0.44893909,0.32652402,-0.9220344,0.91245854,0.49729103,0.41274053,-0.8161396,0.97914314,0.45791796,0.32693657,-0.8764191,0.8921992,0.5006273,0.41028357,-0.77587134,0.9727476,0.451938,0.32875767,-0.8455057,0.8798468,0.5173307,0.66318554,-0.005198776,0.99896944,0.41682342,0.6518175,0.0055965683,0.9983321,0.5098699,0.90711933,-0.06172835,0.14710872,0.39684045,0.8865313,0.03468173,0.15112478,0.4982474,1.1004246,0.17318621,0.031954326,0.3616425,1.0831271,0.31643534,0.033690006,0.49674404,1.1303695,0.18779835,0.03627322,0.36336598,1.1121359,0.33617735,0.028563315,0.49978486,1.1584249,0.0035182647,0.027915802,0.34230143,1.1491027,0.13590784,0.034353644,0.52883327,0.44542792,1.0282238e-07,0.5238173,0.42285192,-0.0068791937,0.5059856,0.41190323,-0.009293544,0.49032474,0.41174963,-0.009764419,0.4802003,0.41603896,-0.010298669,0.504168,0.42503232,-0.016326483,0.48664835,0.4249742,-0.0208227,0.47496027,0.42469013,-0.02187967,0.46662974,0.42388892,-0.02217283,0.5013985,0.44267195,-0.013887286,0.4820326,0.44856736,-0.018687144,0.46927607,0.44791722,-0.019583166,0.46097833,0.44578832,-0.019822624,0.49942613,0.45602778,-0.011207683,0.48023373,0.46093658,-0.015169898,0.4678604,0.45780963,-0.01674812,0.45995826,0.4534103,-0.017326431,0.49816355,0.4643595,-0.008732333,0.48167473,0.46772417,-0.012074342,0.4717278,0.46580365,-0.013702121,0.46525526,0.46200642,-0.014352643,0.41984266,0.33876616,9.384927e-08,0.4302953,0.3579373,-0.004387516,0.44306567,0.37165228,-0.00798977,0.44978523,0.38492292,-0.012067698,0.45411915,0.39822587,-0.01628804,0.46510768,0.3523959,-0.005241316,0.48231632,0.3500487,-0.012158317,0.48917118,0.35790056,-0.017808443,0.49255213,0.36809078,-0.021207882,0.46312994,0.34286124,-0.007265318,0.4801758,0.33418107,-0.012185676,0.4885061,0.3402654,-0.015808664,0.49300182,0.34959865,-0.018500369,0.45813024,0.33513495,-0.010204138,0.4733011,0.32560307,-0.014642974,0.48202747,0.32918137,-0.016466083,0.48742798,0.3366292,-0.017727654,0.4511873,0.3299699,-0.013867934,0.46196613,0.31938943,-0.017530032,0.46879783,0.31933397,-0.018182432,0.47324392,0.32234794,-0.018372418
840.0,0.48291346,0.23828247,-0.40901548,0.99991715,0.49290115,0.2183586,-0.37376085,0.99989307,0.49975786,0.2182081,-0.37382948,0.999884,0.50493604,0.2185928,-0.37389463,0.9998878,0.47273588,0.22003296,-0.37662914,0.99984705,0.46596816,0.22092462,-0.37666553,0.99981207,0.4590885,0.22258571,-0.37674683,0.9997638,0.51652956,0.230829,-0.17347057,0.9999206,0.4514824,0.23923188,-0.1899418,0.99988854,0.49871224,0.26138577,-0.33451813,0.9999696,0.47351477,0.2635255,-0.33983162,0.99994123,0.5684174,0.3584201,-0.12505364,0.9999603,0.404762,0.3430395,-0.15798238,0.9998361,0.61960745,0.49904123,-0.4487169,0.9977538,0.3141181,0.31792414,-0.5349056,0.99831605,0.5077029,0.43482822,-0.85197663,0.9858775,0.45122972,0.32964036,-0.9064893,0.94491345,0.5005747,0.41411784,-0.8065208,0.98451483,0.4588882,0.32853225,-0.86292803,0.93174267,0.5041407,0.4127373,-0.7633204,0.9793412,0.45252246,0.3303402,-0.8300191,0.92226386,0.5185112,0.6624996,-0.0014006025,0.99861944,0.41650718,0.65047646,0.0018328017,0.9978818,0.5075086,0.908491,-0.06246625,0.14873813,0.3952233,0.8850631,0.019605607,0.15569407,0.4908174,1.1058943,0.16917805,0.03138585,0.36327967,1.0873423,0.2876487,0.030899554,0.48921174,1.1360563,0.18256949,0.030473718,0.36463237,1.1150192,0.30540413,0.023904629,0.49069694,1.1613853,-0.0060339617,0.023563018,0.34662127,1.154707,0.09868276,0.030282447,0.52891237,0.44420895,9.629379e-08,0.52346665,0.4218014,-0.0069122016,0.50460297,0.41109368,-0.00909711,0.48806942,0.41167545,-0.0093744965,0.4776266,0.41761357,-0.009711093,0.50440824,0.4247337,-0.015473986,0.48759815,0.4244938,-0.01973064,0.47627848,0.42381158,-0.020754986,0.46819556,0.42244324,-0.021057187,0.5019675,0.44254708,-0.01302816,0.4833745,0.44873136,-0.017481945,0.47068346,0.44820055,-0.018361555,0.46235138,0.44594356,-0.018682718,0.50023097,0.45599133,-0.0104110595,0.48134848,0.46117148,-0.014282045,0.4690408,0.4583494,-0.015761225,0.4610952,0.4540766,-0.016316297,0.49901912,0.46429726,-0.008019623,0.48254707,0.46775085,-0.0112853125,0.4725571,0.46592626,-0.012817114,0.46590522,0.46205395,-0.013451513,0.4180407,0.34356004,8.8901174e-08,0.42827925,0.36033064,-0.0040532276,0.4408085,0.37338793,-0.007380557,0.44839594,0.38606074,-0.011323485,0.45354906,0.39778757,-0.015345344,0.46362305,0.3502743,-0.0029510336,0.47984892,0.34800103,-0.009207824,0.48578256,0.35551193,-0.014951976,0.48844302,0.3651775,-0.018491125,0.46117425,0.34056017,-0.004948465,0.47644168,0.33217326,-0.009034679,0.48575813,0.33579808,-0.013348571,0.4921789,0.34272617,-0.016659776,0.45577276,0.3331689,-0.007878945,0.46976453,0.32444224,-0.011872845,0.47910017,0.3260056,-0.014588355,0.48573795,0.33143637,-0.01640289,0.44808352,0.32859197,-0.0114603285,0.45816097,0.31997213,-0.01480124,0.46527064,0.31833535,-0.015644128,0.47024664,0.31974453,-0.015916085
880.0,0.4841683,0.24112871,-0.4083925,0.99982953,0.49427274,0.22181487,-0.37425727,0.9997845,0.5010619,0.22145164,-0.37433958,0.9997539,0.50657403,0.22167659,-0.37441525,0.9997688,0.47344863,0.22371581,-0.37739772,0.999681,0.46652392,0.22453693,-0.37738448,0.99959403,0.45958713,0.22628447,-0.37745678,0.9995326,0.5179193,0.2326009,-0.16787913,0.99983,0.45192054,0.24313681,-0.18517222,0.9997813,0.5011535,0.26253435,-0.3306893,0.9999472,0.47568566,0.26612398,-0.33601725,0.9999062,0.570282,0.35895798,-0.10341907,0.99997056,0.40553,0.33808258,-0.15244018,0.9998615,0.6220614,0.4981214,-0.4177817,0.99740136,0.31168345,0.3236885,-0.52695084,0.9984535,0.50610137,0.443864,-0.8588954,0.9876254,0.44809946,0.34199375,-0.9242204,0.9612579,0.49942267,0.42149448,-0.8193174,0.9867532,0.45812443,0.33936512,-0.887702,0.9529016,0.504576,0.4175219,-0.7638795,0.98225373,0.45420015,0.33732742,-0.8437588,0.94551986,0.5171064,0.6646696,0.008375438,0.99870074,0.4135128,0.6496755,-0.007907339,0.9980096,0.48386934,0.9084482,-0.052278724,0.106575534,0.40265688,0.88734674,-0.021952223,0.12701905,0.47292098,1.1122279,0.20706098,0.019470735,0.3654619,1.0978948,0.2453316,0.021339096,0.46914652,1.1400753,0.2224056,0.02211138,0.36574626,1.1262621,0.26243246,0.019207336,0.4728735,1.1705863,0.02481842,0.013884212,0.3507598,1.1662927,0.04143376,0.020725647,0.5300515,0.44431803,9.382078e-08,0.5244634,0.42106512,-0.0074117063,0.5045433,0.41004074,-0.009496509,0.48746648,0.4103324,-0.009574787,0.4761204,0.41473228,-0.0097926995,0.5043553,0.42381066,-0.01627806,0.48687774,0.42429075,-0.02061177,0.47558492,0.42413196,-0.021606753,0.46737242,0.4232762,-0.021960095,0.5024116,0.44171694,-0.0136512015,0.48407218,0.44859084,-0.018479435,0.4711882,0.44860643,-0.019734805,0.4624162,0.4468017,-0.020316152,0.5012123,0.45532992,-0.010885862,0.48270595,0.46097508,-0.015138631,0.4702014,0.45900232,-0.017145984,0.46154198,0.45529643,-0.018090507,0.50035095,0.46409965,-0.00836789,0.48416105,0.46791044,-0.012357338,0.47397316,0.46675253,-0.014551351,0.4667647,0.46330822,-0.015595505,0.42185745,0.32907355,7.2580264e-08,0.44279224,0.337226,-0.0005580017,0.4631053,0.34977546,-0.004670376,0.47507384,0.36305007,-0.009347087,0.47997603,0.37425008,-0.014121015,0.47838575,0.335573,-0.010589115,0.4874061,0.36685133,-0.018535024,0.48553315,0.37569338,-0.023358395,0.48295602,0.37537944,-0.026469028,0.46676934,0.335495,-0.015165957,0.47205785,0.37811404,-0.0208258,0.46857873,0.382035,-0.021606175,0.46671274,0.37644297,-0.022924507,0.4523782,0.338105,-0.01971231,0.45803604,0.3781982,-0.024807697,0.45592603,0.3803959,-0.0230964,0.45520955,0.37574545,-0.022395138,0.4370467,0.34208483,-0.024357043,0.4402731,0.37160984,-0.027257456,0.43853438,0.37568083,-0.024724176,0.4376837,0.3745837,-0.02294441
920.0,0.48057377,0.24568173,-0.4130259,0.9999502,0.49190468,0.2260534,-0.37981,0.9999243,0.4997445,0.22590964,-0.37989414,0.9999219,0.5064767,0.2260406,-0.3799622,0.9999188,0.47056198,0.22699884,-0.37907743,0.9998847,0.4633545,0.22767428,-0.3790475,0.9998597,0.4578813,0.22902733,-0.37909797,0.99981457,0.5187158,0.2369535,-0.17879507,0.9999504,0.45223945,0.24409747,-0.17851791,0.99991643,0.49828476,0.26785365,-0.3372804,0.9999788,0.47030368,0.2694239,-0.3375776,0.9999571,0.57001936,0.35876814,-0.13043337,0.999985,0.40484732,0.33974206,-0.13461074,0.9998994,0.6220387,0.4984381,-0.46344966,0.9988943,0.30318916,0.33932358,-0.52543145,0.99853444,0.5051997,0.44117975,-0.9030551,0.99383,0.42908397,0.34250808,-0.96154386,0.97157145,0.49792117,0.41987264,-0.8616714,0.9933662,0.4440933,0.34249836,-0.92462546,0.96539503,0.50292045,0.41601783,-0.80499506,0.99117917,0.44123548,0.3397875,-0.87725985,0.96087587,0.51877075,0.6665078,-0.0039048493,0.9993636,0.41390288,0.6553858,0.0044264733,0.9988839,0.48827335,0.9146527,-0.062420603,0.13792092,0.40158972,0.8896054,0.0061233,0.14379601,0.4841689,1.119144,0.21002302,0.021450976,0.36773655,1.107549,0.2911803,0.02394897,0.48344177,1.1487274,0.2270084,0.023857363,0.3688746,1.1369061,0.3102713,0.022412002,0.4814075,1.175535,0.03387744,0.014143888,0.34862185,1.1754442,0.094815664,0.020742847,0.5302515,0.4448433,9.961148e-08,0.5233638,0.42154846,-0.005987482,0.5038839,0.41139778,-0.0076498482,0.48751727,0.41109177,-0.007660841,0.47587034,0.41220534,-0.007897269,0.5029676,0.42651546,-0.014165001,0.48629737,0.42654604,-0.018131556,0.47554132,0.42586938,-0.019068534,0.46778286,0.42473444,-0.019378804,0.5019824,0.44390878,-0.01222579,0.4831098,0.44907326,-0.01661055,0.47057933,0.44819367,-0.017771987,0.4617527,0.446227,-0.01833647,0.50166124,0.4570593,-0.010103327,0.4832408,0.46180302,-0.013889027,0.4707992,0.4602382,-0.015632935,0.46183676,0.4572564,-0.016467867,0.5018052,0.46563473,-0.008134606,0.4858677,0.469959,-0.011484033,0.47572383,0.46923456,-0.013236066,0.46850196,0.46618414,-0.014058938,0.4100004,0.32737353,8.6706216e-08,0.43206042,0.33520177,0.00084707007,0.45235944,0.34654135,-0.0015162051,0.46632594,0.35673684,-0.0046152305,0.47513717,0.36532837,-0.007813463,0.45993295,0.33661193,-0.010538121,0.47606096,0.34753767,-0.019151581,0.4804704,0.3610627,-0.0244852,0.48156923,0.37299788,-0.027674831,0.45035103,0.33689508,-0.015452134,0.46324256,0.35145187,-0.023371218,0.46787536,0.36699852,-0.02674114,0.46922672,0.38096854,-0.028987397,0.43767422,0.34002748,-0.020148639,0.44671318,0.3568975,-0.028164702,0.45225736,0.37255162,-0.031165062,0.4559864,0.38620043,-0.03283243,0.42383668,0.3455379,-0.024588197,0.42822996,0.3641103,-0.03098361,0.43134958,0.3771881,-0.032805175,0.43403506,0.38917518,-0.033649415
960.0,0.48010457,0.24864691,-0.46445483,0.9998461,0.49174678,0.22814125,-0.43333787,0.9997917,0.4995552,0.22770667,-0.43342006,0.9997713,0.50537103,0.22770517,-0.4335447,0.99976796,0.46966997,0.22930105,-0.4314657,0.99967635,0.4621887,0.2300397,-0.4314588,0.99959964,0.45639598,0.23138908,-0.43150935,0.9995235,0.51796854,0.23803107,-0.23470275,0.99984384,0.45108473,0.24528673,-0.22872464,0.9997842,0.49763066,0.270698,-0.38857016,0.9999473,0.46939942,0.2733362,-0.3871694,0.99990594,0.5716667,0.36054322,-0.1731267,0.9999759,0.40526056,0.33649024,-0.16988882,0.9998673,0.62068635,0.49974537,-0.49368164,0.99879897,0.3036446,0.3543487,-0.53781915,0.9983955,0.50878334,0.44260976,-0.9326344,0.98964334,0.4322262,0.34715575,-0.96750647,0.96138865,0.50122297,0.42053464,-0.8882522,0.98890287,0.44605178,0.344794,-0.93230885,0.95384806,0.50490797,0.4180301,-0.8335154,0.9854005,0.44061804,0.34594667,-0.88473004,0.94627655,0.51802284,0.6636872,-0.0042522796,0.9990262,0.4133101,0.64965636,0.0046752724,0.99805707,0.50945145,0.89704144,-0.07059949,0.1484128,0.40214103,0.88634574,-0.018251728,0.14357802,0.48901215,1.101864,0.2480893,0.021494498,0.36943525,1.0864096,0.29647794,0.021649463,0.4880152,1.1310247,0.27046007,0.024018144,0.37011597,1.1150829,0.31981236,0.022220159,0.48675093,1.1585349,0.08012929,0.01342182,0.35528928,1.1538956,0.09852852,0.019822124,0.5308947,0.44643962,1.04809885e-07,0.523359,0.42278752,-0.0062310724,0.5041796,0.41295004,-0.008163466,0.4879286,0.414445,-0.008302321,0.47626233,0.41625375,-0.008642969,0.5036997,0.428195,-0.015262092,0.485664,0.42845887,-0.019496795,0.4749393,0.42790112,-0.020351438,0.46767262,0.42687124,-0.02046391,0.50310683,0.44609502,-0.013119315,0.483438,0.45141798,-0.017547911,0.47090656,0.45036417,-0.018477622,0.46253476,0.44816083,-0.018873483,0.50305456,0.45940202,-0.01078439,0.48429573,0.46471348,-0.014538519,0.4717538,0.46292415,-0.016429732,0.462967,0.45957196,-0.01742652,0.5033684,0.4679258,-0.008592269,0.48735696,0.47292602,-0.012074635,0.4772679,0.47214684,-0.014090973,0.47022182,0.4689288,-0.015117454,0.41245523,0.35233897,1.5933401e-07,0.432894,0.37001047,0.0005918664,0.44942182,0.38015705,-8.536307e-05,0.4598346,0.38816774,-0.0021123707,0.4677449,0.39324206,-0.003972944,0.46627605,0.35112295,-0.00023581242,0.47764882,0.36689204,-0.004811757,0.48216492,0.38223487,-0.009049882,0.48254907,0.3947753,-0.01126441,0.45964524,0.34582025,-0.0028962106,0.47094336,0.35954604,-0.0057164608,0.47429988,0.37360293,-0.0083851125,0.47327098,0.38458014,-0.010316853,0.45015556,0.34490603,-0.005703077,0.4543726,0.36448768,-0.008244202,0.4506056,0.37008223,-0.008124649,0.44551003,0.37068263,-0.0075750933,0.439274,0.34730923,-0.008721088,0.44156924,0.36449316,-0.008714815,0.44033456,0.369891,-0.0066545005,0.43742502,0.37031883,-0.004664233
1000.0,0.48006228,0.25187477,-0.4608126,0.9995808,0.49222708,0.23084858,-0.43117967,0.99943155,0.49970385,0.2300779,-0.43127492,0.9994104,0.5058433,0.23013023,-0.43141967,0.9993181,0.46966174,0.23169936,-0.4285333,0.99919075,0.46209896,0.23206049,-0.4285873,0.999134,0.45679173,0.23280565,-0.42861313,0.99894947,0.5175403,0.23876831,-0.23510371,0.99955994,0.4509911,0.24426979,-0.22619168,0.9995552,0.49658686,0.2730848,-0.385207,0.9998323,0.4687876,0.27558172,-0.38287875,0.9997533,0.571319,0.36241204,-0.16590646,0.9999629,0.40546715,0.33861783,-0.1430213,0.9998336,0.62128997,0.49992764,-0.4604136,0.99881196,0.30576986,0.37404144,-0.4726993,0.9983962,0.5070168,0.4468505,-0.899978,0.98925346,0.43039834,0.36512363,-0.9137659,0.97112525,0.49911642,0.42569363,-0.85852146,0.98865217,0.44284368,0.36149812,-0.88104284,0.9658667,0.5027549,0.42328897,-0.8017253,0.9852893,0.43791902,0.36414525,-0.8320846,0.95885277,0.5148165,0.6601336,-0.015231003,0.9991716,0.41240674,0.6439563,0.015654325,0.9981231,0.4988386,0.8916371,-0.084889986,0.16113874,0.3994176,0.8728136,-0.01924952,0.14374259,0.48277742,1.0872173,0.2509819,0.015683005,0.36565235,1.0605431,0.31745842,0.015921902,0.48280215,1.1153791,0.2759214,0.021793528,0.36576575,1.0876561,0.3444452,0.022438867,0.47965378,1.1409703,0.09795119,0.008923305,0.351356,1.1259226,0.13515826,0.013425905,0.5329159,0.44819546,1.0234622e-07,0.5239532,0.4254289,-0.005602998,0.5033828,0.4160511,-0.0072301175,0.48690742,0.41774827,-0.007113643,0.47547674,0.4208959,-0.00719327,0.50322604,0.43136436,-0.014766097,0.48501283,0.43385535,-0.01881359,0.47446108,0.43370125,-0.01950339,0.46763587,0.43246046,-0.019417692,0.5036936,0.4495362,-0.012899812,0.48400065,0.45648456,-0.017344179,0.47134084,0.45585844,-0.018134454,0.46294796,0.45362064,-0.018298473,0.50448513,0.46283045,-0.010785379,0.48563537,0.46911064,-0.014500926,0.47318822,0.46800956,-0.016037323,0.46443862,0.465023,-0.016667753,0.50543183,0.47120583,-0.008773913,0.4889429,0.47699404,-0.011941867,0.47851497,0.47652227,-0.013585484,0.47112286,0.47319576,-0.01429368,0.4106211,0.37217715,1.8633372e-08,0.42775753,0.38810804,0.00047461898,0.443239,0.3979059,-0.0013103683,0.45421734,0.405272,-0.0044696536,0.462207,0.41081178,-0.0077439314,0.46089625,0.3616918,-0.0010823804,0.46750617,0.3690554,-0.005560559,0.4681893,0.3812166,-0.01042271,0.46529165,0.39040077,-0.01355165,0.45403537,0.35204437,-0.004344278,0.45755583,0.35918862,-0.007062724,0.4565165,0.37105766,-0.010037168,0.45203906,0.3789328,-0.012598368,0.4434114,0.34718984,-0.0077330107,0.4456556,0.35611263,-0.010572695,0.4451034,0.3684426,-0.011972683,0.44124675,0.37665367,-0.013131434,0.43122375,0.34588784,-0.011256132,0.43132433,0.3555398,-0.013189165,0.43174815,0.3664423,-0.013057355,0.4296984,0.37468106,-0.012746276
1040.0,0.47968596,0.25395778,-0.46769643,0.99969494,0.49222365,0.23249854,-0.4373147,0.99959654,0.50039095,0.23185007,-0.437415,0.99958235,0.5060153,0.23140532,-0.437554,0.99954104,0.470497,0.23463202,-0.43566707,0.99942076,0.4635991,0.2351126,-0.43569225,0.9993412,0.45760834,0.23560755,-0.43570828,0.9992119,0.51880205,0.23990864,-0.23624077,0.9996599,0.4524822,0.24472329,-0.23201805,0.99960655,0.4956859,0.2731824,-0.39035597,0.99987483,0.4688737,0.2758648,-0.38940814,0.9998055,0.5694585,0.36077186,-0.16020846,0.999972,0.40709436,0.33747053,-0.14360325,0.9998393,0.620963,0.5053804,-0.45105308,0.9991007,0.30344558,0.4010681,-0.46159783,0.99853265,0.5062909,0.45209053,-0.908287,0.99437284,0.4311481,0.37916452,-0.91079235,0.97970927,0.4997234,0.43011457,-0.8709452,0.99407876,0.44288024,0.37017068,-0.87902886,0.9761632,0.50441563,0.42728275,-0.809755,0.9920947,0.4395435,0.37018523,-0.8266357,0.971272,0.5172551,0.65735817,-0.008835677,0.99917173,0.41409004,0.64141065,0.009279259,0.99832755,0.50652486,0.89430165,-0.074492075,0.14739491,0.40152633,0.8766269,-0.05022594,0.15565735,0.48330164,1.1058373,0.24111761,0.011300422,0.36370465,1.085113,0.25447062,0.014388778,0.48254022,1.134957,0.26365417,0.013969706,0.36372435,1.1147772,0.27750587,0.017499175,0.47968048,1.1626039,0.07688098,0.0063090026,0.3494972,1.1513395,0.056357525,0.011536439,0.5325578,0.45649806,1.0820487e-07,0.52332914,0.43336937,-0.006040591,0.50235695,0.42520812,-0.007948495,0.48524925,0.42736784,-0.008052087,0.4729559,0.43184936,-0.008235352,0.50335014,0.44024786,-0.014379307,0.48485327,0.4416166,-0.018736554,0.47479516,0.44123858,-0.019540515,0.4690923,0.44028002,-0.019324418,0.50344026,0.45836583,-0.012156488,0.4836519,0.4649903,-0.01614843,0.47159842,0.46422642,-0.016735852,0.46430466,0.46199372,-0.01688124,0.50412154,0.47160113,-0.009852394,0.4854909,0.47795254,-0.013255884,0.47342205,0.4766414,-0.014936809,0.4657071,0.47382164,-0.015781226,0.50477767,0.47945228,-0.007681619,0.4885189,0.48589578,-0.01086181,0.47842407,0.48564476,-0.012764796,0.47179073,0.48282763,-0.013700239,0.40450507,0.38533333,-1.9711496e-08,0.42629313,0.3941349,-0.00176391,0.44667774,0.399645,-0.0056460914,0.46114233,0.4044396,-0.010033536,0.47317502,0.40977153,-0.014369012,0.453266,0.36722055,-0.009700956,0.4616141,0.38870627,-0.01784307,0.45616418,0.39778158,-0.02279836,0.45158044,0.3992335,-0.025982829,0.44282562,0.3629306,-0.013407688,0.44920805,0.39242083,-0.019075552,0.4460576,0.4003479,-0.021103837,0.44313782,0.4000366,-0.023483416,0.42959532,0.364602,-0.01741484,0.43534333,0.39504802,-0.023623852,0.43381345,0.40317914,-0.023875339,0.43220294,0.4041783,-0.02451631,0.41573587,0.36951596,-0.021582976,0.41955215,0.3947816,-0.026389332,0.4200918,0.40469602,-0.02640626,0.42028213,0.40899318,-0.026384678
