time,X_LEFT_WRIST,Y_LEFT_WRIST,Z_LEFT_WRIST,X_LEFT_THUMB_CMC,Y_LEFT_THUMB_CMC,Z_LEFT_THUMB_CMC,X_LEFT_THUMB_MCP,Y_LEFT_THUMB_MCP,Z_LEFT_THUMB_MCP,X_LEFT_THUMB_IP,Y_LEFT_THUMB_IP,Z_LEFT_THUMB_IP,X_LEFT_THUMB_TIP,Y_LEFT_THUMB_TIP,Z_LEFT_THUMB_TIP,X_LEFT_INDEX_FINGER_MCP,Y_LEFT_INDEX_FINGER_MCP,Z_LEFT_INDEX_FINGER_MCP,X_LEFT_INDEX_FINGER_PIP,Y_LEFT_INDEX_FINGER_PIP,Z_LEFT_INDEX_FINGER_PIP,X_LEFT_INDEX_FINGER_DIP,Y_LEFT_INDEX_FINGER_DIP,Z_LEFT_INDEX_FINGER_DIP,X_LEFT_INDEX_FINGER_TIP,Y_LEFT_INDEX_FINGER_TIP,Z_LEFT_INDEX_FINGER_TIP,X_LEFT_MIDDLE_FINGER_MCP,Y_LEFT_MIDDLE_FINGER_MCP,Z_LEFT_MIDDLE_FINGER_MCP,X_LEFT_MIDDLE_FINGER_PIP,Y_LEFT_MIDDLE_FINGER_PIP,Z_LEFT_MIDDLE_FINGER_PIP,X_LEFT_MIDDLE_FINGER_DIP,Y_LEFT_MIDDLE_FINGER_DIP,Z_LEFT_MIDDLE_FINGER_DIP,X_LEFT_MIDDLE_FINGER_TIP,Y_LEFT_MIDDLE_FINGER_TIP,Z_LEFT_MIDDLE_FINGER_TIP,X_LEFT_RING_FINGER_MCP,Y_LEFT_RING_FINGER_MCP,Z_LEFT_RING_FINGER_MCP,X_LEFT_RING_FINGER_PIP,Y_LEFT_RING_FINGER_PIP,Z_LEFT_RING_FINGER_PIP,X_LEFT_RING_FINGER_DIP,Y_LEFT_RING_FINGER_DIP,Z_LEFT_RING_FINGER_DIP,X_LEFT_RING_FINGER_TIP,Y_LEFT_RING_FINGER_TIP,Z_LEFT_RING_FINGER_TIP,X_LEFT_PINKY_FINGER_MCP,Y_LEFT_PINKY_FINGER_MCP,Z_LEFT_PINKY_FINGER_MCP,X_LEFT_PINKY_FINGER_PIP,Y_LEFT_PINKY_FINGER_PIP,Z_LEFT_PINKY_FINGER_PIP,X_LEFT_PINKY_FINGER_DIP,Y_LEFT_PINKY_FINGER_DIP,Z_LEFT_PINKY_FINGER_DIP,X_LEFT_PINKY_FINGER_TIP,Y_LEFT_PINKY_FINGER_TIP,Z_LEFT_PINKY_FINGER_TIP,X_RIGHT_WRIST,Y_RIGHT_WRIST,Z_RIGHT_WRIST,X_RIGHT_THUMB_CMC,Y_RIGHT_THUMB_CMC,Z_RIGHT_THUMB_CMC,X_RIGHT_THUMB_MCP,Y_RIGHT_THUMB_MCP,Z_RIGHT_THUMB_MCP,X_RIGHT_THUMB_IP,Y_RIGHT_THUMB_IP,Z_RIGHT_THUMB_IP,X_RIGHT_THUMB_TIP,Y_RIGHT_THUMB_TIP,Z_RIGHT_THUMB_TIP,X_RIGHT_INDEX_FINGER_MCP,Y_RIGHT_INDEX_FINGER_MCP,Z_RIGHT_INDEX_FINGER_MCP,X_RIGHT_INDEX_FINGER_PIP,Y_RIGHT_INDEX_FINGER_PIP,Z_RIGHT_INDEX_FINGER_PIP,X_RIGHT_INDEX_FINGER_DIP,Y_RIGHT_INDEX_FINGER_DIP,Z_RIGHT_INDEX_FINGER_DIP,X_RIGHT_INDEX_FINGER_TIP,Y_RIGHT_INDEX_FINGER_TIP,Z_RIGHT_INDEX_FINGER_TIP,X_RIGHT_MIDDLE_FINGER_MCP,Y_RIGHT_MIDDLE_FINGER_MCP,Z_RIGHT_MIDDLE_FINGER_MCP,X_RIGHT_MIDDLE_FINGER_PIP,Y_RIGHT_MIDDLE_FINGER_PIP,Z_RIGHT_MIDDLE_FINGER_PIP,X_RIGHT_MIDDLE_FINGER_DIP,Y_RIGHT_MIDDLE_FINGER_DIP,Z_RIGHT_MIDDLE_FINGER_DIP,X_RIGHT_MIDDLE_FINGER_TIP,Y_RIGHT_MIDDLE_FINGER_TIP,Z_RIGHT_MIDDLE_FINGER_TIP,X_RIGHT_RING_FINGER_MCP,Y_RIGHT_RING_FINGER_MCP,Z_RIGHT_RING_FINGER_MCP,X_RIGHT_RING_FINGER_PIP,Y_RIGHT_RING_FINGER_PIP,Z_RIGHT_RING_FINGER_PIP,X_RIGHT_RING_FINGER_DIP,Y_RIGHT_RING_FINGER_DIP,Z_RIGHT_RING_FINGER_DIP,X_RIGHT_RING_FINGER_TIP,Y_RIGHT_RING_FINGER_TIP,Z_RIGHT_RING_FINGER_TIP,X_RIGHT_PINKY_FINGER_MCP,Y_RIGHT_PINKY_FINGER_MCP,Z_RIGHT_PINKY_FINGER_MCP,X_RIGHT_PINKY_FINGER_PIP,Y_RIGHT_PINKY_FINGER_PIP,Z_RIGHT_PINKY_FINGER_PIP,X_RIGHT_PINKY_FINGER_DIP,Y_RIGHT_PINKY_FINGER_DIP,Z_RIGHT_PINKY_FINGER_DIP,X_RIGHT_PINKY_FINGER_TIP,Y_RIGHT_PINKY_FINGER_TIP,Z_RIGHT_PINKY_FINGER_TIP
0,0.5321677,0.44907048,6.623155e-08,0.5338833,0.42228442,-0.008030729,0.52416366,0.40097174,-0.0110970335,0.5127883,0.38796666,-0.011891246,0.50315875,0.38305148,-0.01210305,0.5106196,0.4300087,-0.015554117,0.49486774,0.42982873,-0.019290267,0.48617184,0.42299348,-0.020885631,0.47966743,0.4149971,-0.021761406,0.5023733,0.44365287,-0.0127668595,0.48157546,0.44278878,-0.01561346,0.46987367,0.4324918,-0.016712535,0.46257827,0.42199567,-0.017955001,0.49678338,0.45049518,-0.009735016,0.4774892,0.4459824,-0.012531312,0.46827844,0.434163,-0.014118538,0.46235907,0.42284387,-0.015195891,0.4936573,0.45214662,-0.0071352185,0.478469,0.44709104,-0.0095718065,0.47012067,0.43764612,-0.010373297,0.4646115,0.42748505,-0.010815346,0.423577,0.31196344,-1.04140625e-07,0.43840456,0.28751066,0.0024860594,0.45823145,0.27087462,0.0011714402,0.47413364,0.25876904,-0.0014028861,0.48369545,0.24670385,-0.003337021,0.46955854,0.27687413,-0.002466111,0.49564132,0.27738053,-0.008092877,0.4953383,0.28297278,-0.011208585,0.48845947,0.28556108,-0.011962083,0.4696186,0.29327476,-0.006406188,0.49326032,0.2977732,-0.008413698,0.4913141,0.30192003,-0.008426879,0.48444706,0.3021899,-0.008839452,0.4678032,0.31075102,-0.010280235,0.4865244,0.3154858,-0.011173555,0.48266542,0.3178683,-0.0083570685,0.47503528,0.31701136,-0.0069719413,0.4651397,0.32761756,-0.014045474,0.48048344,0.33059317,-0.012604041,0.47650266,0.33145595,-0.00847732,0.46971568,0.3307511,-0.0057118367
40.0,0.53150636,0.44651896,1.08521164e-07,0.52944314,0.42158073,-0.0069046244,0.51639533,0.4019332,-0.009819605,0.50462055,0.39196387,-0.010747764,0.4981513,0.38590726,-0.011564505,0.5073733,0.42439592,-0.016768612,0.49193513,0.4230878,-0.021931218,0.48119253,0.4175915,-0.024093812,0.4734682,0.41147527,-0.025016122,0.5024312,0.43950227,-0.014565991,0.48062652,0.4424894,-0.01996247,0.4680891,0.43682623,-0.02117693,0.46023387,0.4301239,-0.021440325,0.49926075,0.4487384,-0.01199402,0.47792664,0.4502241,-0.016677892,0.4659795,0.44334158,-0.01829978,0.45879787,0.43584847,-0.018508697,0.49801788,0.45329744,-0.009655397,0.48031348,0.45182928,-0.01316653,0.46994516,0.4467674,-0.014316902,0.46347338,0.44074404,-0.014458148,0.41866422,0.3095515,2.7377366e-08,0.4370196,0.28657502,0.0003003011,0.45829368,0.27116343,-0.00026303262,0.47396886,0.2589467,-0.0014619499,0.4844127,0.24796122,-0.0024273477,0.4652072,0.28513038,0.00054953754,0.48108506,0.28655213,-0.0026049546,0.49025208,0.2881613,-0.005179568,0.49749014,0.28895935,-0.0070071695,0.46513525,0.30193794,-0.0024101713,0.48369315,0.30600864,-0.0038933414,0.4938946,0.30893317,-0.0053473776,0.5023482,0.31108847,-0.0070585343,0.46303803,0.31818205,-0.0056859604,0.4809088,0.32372743,-0.008067719,0.49061018,0.32788965,-0.008085396,0.49841356,0.3301842,-0.008357366,0.459032,0.33323202,-0.008955293,0.47264647,0.33972245,-0.010012991,0.48086578,0.34353194,-0.008659367,0.48780683,0.34618664,-0.007817176
80.0,0.5299034,0.44461012,9.539134e-08,0.52421236,0.42138034,-0.004592964,0.5083332,0.40650848,-0.0069037997,0.49351308,0.39929175,-0.007874113,0.4828495,0.39544982,-0.009097037,0.50461197,0.41812196,-0.01436059,0.48733905,0.41393077,-0.01861765,0.47666758,0.4118431,-0.019694284,0.46883488,0.4103395,-0.020251062,0.500887,0.43593183,-0.013612472,0.4817556,0.43862647,-0.018391049,0.46914348,0.4378106,-0.020171495,0.45964286,0.4362222,-0.02150021,0.49918163,0.45013955,-0.012507808,0.48026013,0.45410237,-0.017141309,0.46712086,0.4538999,-0.019983372,0.45720804,0.45252946,-0.02193628,0.49886438,0.45974097,-0.011297135,0.4831936,0.46285993,-0.015978891,0.47238722,0.463668,-0.018918933,0.4637757,0.46308094,-0.02077088,0.41558036,0.31112376,4.719156e-08,0.43014783,0.28940612,-0.0025896302,0.45168608,0.27711517,-0.0039924006,0.46849236,0.27076793,-0.0048065986,0.4803942,0.26434594,-0.005427318,0.45703527,0.2971852,-0.0046724775,0.46992263,0.30151674,-0.0071488284,0.4782019,0.30487055,-0.009168349,0.48580015,0.30740368,-0.010604557,0.45617324,0.31677204,-0.005689668,0.47342125,0.32490772,-0.006282815,0.48430127,0.3296761,-0.00733628,0.49416688,0.3327637,-0.008818125,0.45378172,0.33251002,-0.0068060746,0.47137547,0.3409622,-0.008681325,0.4825716,0.347229,-0.009073539,0.49251512,0.35096395,-0.009490876,0.4502598,0.34406927,-0.007920859,0.4649837,0.35069674,-0.008884572,0.47386336,0.35508806,-0.0075481213,0.48160288,0.35805088,-0.0066408077
120.0,0.52778274,0.44631445,7.994209e-08,0.51988304,0.42283428,-0.002734843,0.5016906,0.4113257,-0.0038986905,0.48478273,0.40891787,-0.0041518053,0.47272414,0.40887094,-0.004729288,0.5022967,0.41970953,-0.0105537055,0.4865731,0.41478667,-0.0134784365,0.47555554,0.41340777,-0.014012809,0.46668616,0.41295135,-0.01458875,0.49896324,0.43740264,-0.010415018,0.48128372,0.43914193,-0.013755899,0.4698091,0.43863255,-0.014767569,0.46123645,0.43803862,-0.015876308,0.49730352,0.45304716,-0.00988751,0.47913966,0.45753956,-0.013478867,0.4669428,0.45858306,-0.015171742,0.45809585,0.45906317,-0.01663314,0.49685067,0.46432313,-0.009160786,0.48150545,0.4695774,-0.0131370155,0.47086892,0.4726518,-0.0153621165,0.46235675,0.4746239,-0.016883215,0.40995166,0.31330705,1.4299914e-07,0.4264037,0.29342806,-0.0065389103,0.44961146,0.28678918,-0.010060177,0.46755305,0.28573778,-0.011853173,0.48121306,0.2819225,-0.013696721,0.4496386,0.31070617,-0.01598124,0.47278297,0.32340187,-0.021657044,0.4891945,0.33114338,-0.02425587,0.50173706,0.33580163,-0.025282469,0.44472528,0.32842225,-0.015254807,0.4695732,0.3421274,-0.019175855,0.48710677,0.34831646,-0.020659119,0.501435,0.35118815,-0.021778727,0.43996176,0.34121376,-0.014244797,0.46260485,0.3527006,-0.01738055,0.47949824,0.3565466,-0.017635092,0.4935732,0.35816976,-0.017552277,0.43608543,0.34852445,-0.01351807,0.455098,0.35720286,-0.015754296,0.46847126,0.36027348,-0.015083184,0.4795878,0.36177397,-0.014220932
160.0,0.52372813,0.44708103,6.2334564e-08,0.51745504,0.4249116,-0.004345387,0.5012928,0.4140194,-0.0062644593,0.48569846,0.4126706,-0.007048041,0.47463143,0.41294152,-0.00812787,0.5009259,0.42106092,-0.013645674,0.48580262,0.4177566,-0.017978463,0.47501484,0.41725573,-0.01934401,0.46578035,0.41734612,-0.020363284,0.49813542,0.43911648,-0.012899427,0.48239908,0.44160974,-0.018019829,0.4701656,0.4419604,-0.019948661,0.45965937,0.4415142,-0.021529717,0.4965242,0.45410043,-0.011806518,0.48009968,0.46011764,-0.01670621,0.4669388,0.46225053,-0.019223241,0.45615202,0.4629464,-0.020995894,0.49618727,0.46468204,-0.010656315,0.48168132,0.47101107,-0.015720718,0.47099105,0.47413895,-0.01881528,0.46179283,0.47573227,-0.020789573,0.40464988,0.30988094,3.742932e-08,0.4243836,0.29477862,-0.003520527,0.44720194,0.29317737,-0.0050946423,0.46475458,0.295241,-0.0059072315,0.4776513,0.29459235,-0.0063393754,0.44202024,0.32110977,-0.004983512,0.4546589,0.33041042,-0.007184163,0.46198353,0.33484286,-0.008829159,0.46781743,0.33747888,-0.009706163,0.4341986,0.33572105,-0.005093122,0.4493679,0.35138696,-0.005484927,0.46011382,0.35847998,-0.006166076,0.46922845,0.36265165,-0.007144125,0.42759648,0.34440967,-0.005390217,0.44209024,0.35934514,-0.0068316404,0.45311028,0.36725083,-0.0072233183,0.4629551,0.3724941,-0.007470189,0.4225879,0.34790757,-0.00572873,0.43276933,0.35981876,-0.0063933237,0.44044155,0.36569142,-0.0050219633,0.44725594,0.3695448,-0.004012491
200.0,0.52119845,0.44614595,6.9652295e-08,0.514542,0.42448917,-0.0064466177,0.4979452,0.41334742,-0.009330409,0.4810503,0.41263917,-0.010512734,0.46881467,0.4167508,-0.011991502,0.4988572,0.42266092,-0.01724404,0.48289338,0.42151988,-0.02245442,0.47135425,0.42209154,-0.02429345,0.46166688,0.4222486,-0.025561456,0.49720427,0.44082868,-0.01562483,0.48086655,0.44703493,-0.021342782,0.467875,0.44842342,-0.023616973,0.45731923,0.44784793,-0.025567682,0.49583828,0.45527276,-0.013661737,0.47874263,0.46248588,-0.018869696,0.46534374,0.4648704,-0.021429325,0.45478132,0.46483898,-0.023260344,0.49492174,0.46494207,-0.011801107,0.4801545,0.4711262,-0.016713731,0.46912283,0.4734252,-0.019634651,0.45992935,0.4734155,-0.021544252,0.40441465,0.3080567,7.901738e-08,0.42374042,0.29590797,-0.0051773572,0.4470975,0.2966794,-0.0076710484,0.4638963,0.30014953,-0.009038865,0.47618985,0.2993965,-0.010002905,0.43977007,0.32087567,-0.0076000094,0.44892815,0.3350721,-0.01042222,0.45608655,0.34256437,-0.012385789,0.4626859,0.3474286,-0.01351387,0.43121794,0.33476368,-0.007108023,0.44356036,0.35509264,-0.008590677,0.4542672,0.3656006,-0.0093521355,0.4640767,0.37271893,-0.010203871,0.42442814,0.34334463,-0.0068489416,0.43749788,0.36019474,-0.009087641,0.4481223,0.36886442,-0.009723235,0.45798624,0.3746178,-0.009919121,0.41949776,0.34760273,-0.0068152756,0.42991763,0.36005205,-0.008136933,0.43779153,0.3658768,-0.0073844325,0.44496182,0.369245,-0.006730109
240.0,0.51906836,0.4455391,7.750854e-08,0.51238716,0.42359668,-0.006258015,0.49530694,0.41291428,-0.008762276,0.4779917,0.41301942,-0.009555348,0.46593302,0.41787142,-0.01046726,0.49700403,0.42527187,-0.015453622,0.4822709,0.42456108,-0.020057764,0.47199282,0.42457792,-0.02145611,0.463793,0.42351672,-0.022221876,0.49520943,0.44322336,-0.01359273,0.47872376,0.4502469,-0.018761978,0.46573046,0.45085382,-0.020503316,0.45608068,0.4495473,-0.02178902,0.49370167,0.45671993,-0.011464055,0.47583428,0.46418646,-0.016445039,0.4623815,0.46466318,-0.018611072,0.452466,0.462771,-0.01982036,0.4925271,0.4650609,-0.009399316,0.47697207,0.47048193,-0.01375033,0.46601334,0.47092235,-0.015975634,0.45751113,0.46903214,-0.017236853,0.4064927,0.30626595,1.1000819e-07,0.42658165,0.2967809,-0.005739222,0.44872534,0.2993122,-0.009077414,0.4653976,0.30271608,-0.011263147,0.47813037,0.30305934,-0.013123182,0.4408386,0.32324612,-0.008083716,0.44950482,0.3401085,-0.01167606,0.4571949,0.34842545,-0.014091442,0.46392855,0.35329655,-0.015419855,0.43097195,0.3345161,-0.007692304,0.44251996,0.35727927,-0.0096637225,0.45313382,0.36883512,-0.010774519,0.46245742,0.37641236,-0.011817798,0.42287624,0.34085214,-0.0076277456,0.43478182,0.3604901,-0.009896947,0.4445726,0.37120178,-0.010317866,0.45353067,0.37894067,-0.010461572,0.41666082,0.34362638,-0.007866407,0.4259073,0.3580786,-0.009331619,0.43302166,0.36590046,-0.008488926,0.43969268,0.3714287,-0.0077265077
280.0,0.5174785,0.4445423,8.8013806e-08,0.51070344,0.42295945,-0.0063873422,0.49342138,0.41309342,-0.008880809,0.4769753,0.41371116,-0.009566758,0.46547222,0.41845632,-0.0103177065,0.49467525,0.42638013,-0.014780827,0.48055628,0.4263163,-0.019264989,0.4711591,0.42563957,-0.020628856,0.46405032,0.42381573,-0.021182012,0.49285346,0.4435226,-0.012645642,0.47542733,0.4487825,-0.017211664,0.4629367,0.44894114,-0.01826954,0.4540539,0.44765085,-0.01893313,0.4915578,0.45658106,-0.010352429,0.4736492,0.46225277,-0.0145951705,0.46111047,0.46184587,-0.01607886,0.45201594,0.4596694,-0.016747555,0.49084407,0.4648082,-0.008186525,0.4755173,0.46918353,-0.011811069,0.465377,0.46924466,-0.013415194,0.45786282,0.46741873,-0.014217429,0.40906084,0.30842233,9.9909876e-08,0.4292676,0.2984044,-0.0057523623,0.451864,0.30085945,-0.008868011,0.46852073,0.30590394,-0.010809371,0.48088118,0.3073404,-0.012421488,0.44455826,0.3258452,-0.007567203,0.45358709,0.34163922,-0.0110491095,0.46077308,0.35102543,-0.013595932,0.4669718,0.35791934,-0.015046419,0.43545222,0.33717626,-0.007010855,0.44726074,0.35789996,-0.008928021,0.45740882,0.36917776,-0.010130195,0.46622902,0.37753895,-0.011231327,0.4280203,0.34392563,-0.006816804,0.43997875,0.36319667,-0.009119831,0.4497176,0.37350014,-0.009721019,0.45824793,0.38115174,-0.009938779,0.42228568,0.34706452,-0.006960145,0.43164566,0.36174077,-0.008512146,0.43875676,0.36961776,-0.007913934,0.44506505,0.37537754,-0.0072438796
320.0,0.51715195,0.44387284,9.925114e-08,0.51074606,0.4216547,-0.0070622577,0.49256054,0.41132239,-0.00931681,0.47599894,0.41259247,-0.009582,0.46427944,0.41623533,-0.00989846,0.49293566,0.4266786,-0.015106792,0.47676972,0.427086,-0.019357542,0.46628958,0.42616597,-0.02043822,0.45861897,0.4243129,-0.020804333,0.49096635,0.4434742,-0.01248765,0.4729644,0.44904363,-0.016667921,0.46079022,0.44938654,-0.017700033,0.4522166,0.44810718,-0.01831381,0.4896756,0.45606044,-0.009724252,0.47205663,0.46135798,-0.013368039,0.46033043,0.46054357,-0.014858533,0.45182186,0.45803687,-0.015649239,0.48897627,0.46401456,-0.0071903467,0.4740552,0.46769208,-0.010507857,0.46483147,0.46717206,-0.012119431,0.4578691,0.46473327,-0.012906813,0.41411573,0.31146222,1.1513931e-07,0.43395275,0.30326775,-0.0051116496,0.45552754,0.30800363,-0.008464187,0.47048274,0.31704372,-0.010353334,0.4814975,0.32147944,-0.012125637,0.4502554,0.32382122,-0.013403438,0.46433228,0.34297842,-0.018019343,0.47272262,0.35513842,-0.019955246,0.47973633,0.3637054,-0.020684153,0.44080105,0.33746654,-0.012982427,0.4538629,0.36015505,-0.016134344,0.46362138,0.3731234,-0.017183796,0.4723094,0.38222015,-0.018004734,0.43208948,0.34696952,-0.012277929,0.44491726,0.367197,-0.015014217,0.4550781,0.37845165,-0.015473815,0.46346998,0.38614172,-0.015611159,0.4247785,0.35305768,-0.011645269,0.4366473,0.3677785,-0.0135959955,0.44539317,0.3759232,-0.01299201,0.45230526,0.38107437,-0.012155116
360.0,0.5196853,0.44332665,1.0354861e-07,0.5127129,0.42139322,-0.007414292,0.49371645,0.4109592,-0.009686957,0.47726148,0.41167927,-0.009873277,0.4651555,0.41492894,-0.010115662,0.49314776,0.42594337,-0.015291522,0.4756296,0.42813337,-0.019202603,0.46467504,0.42740408,-0.020034248,0.456844,0.425532,-0.02015482,0.49228612,0.44313413,-0.0123927435,0.4736183,0.45015687,-0.01628239,0.46149382,0.4502625,-0.016987907,0.45335564,0.44842264,-0.017239023,0.492085,0.45593038,-0.009392713,0.47418928,0.46220973,-0.012611255,0.46262437,0.46145025,-0.013855308,0.4544943,0.4584233,-0.0144118145,0.49214837,0.4640358,-0.0066960095,0.47720253,0.46781895,-0.009599318,0.4683335,0.46731663,-0.010937411,0.46197477,0.46469864,-0.011460921,0.42141426,0.31786513,1.3240242e-07,0.43863118,0.3148244,-0.001997775,0.4567632,0.3218242,-0.0036943217,0.47059676,0.32845324,-0.005269435,0.4807367,0.33196625,-0.0065855435,0.4604048,0.3317306,-0.0044835093,0.47490978,0.3440615,-0.008539936,0.48332635,0.35508114,-0.011393562,0.48869026,0.3645059,-0.013133091,0.45387375,0.34178767,-0.006102511,0.4671493,0.35682765,-0.008428976,0.47508875,0.3688397,-0.010288617,0.48029453,0.37954146,-0.0117337275,0.4440359,0.3507717,-0.007872256,0.4532147,0.37054116,-0.0109973345,0.45797187,0.38439488,-0.012672413,0.46063086,0.39617652,-0.013763889,0.43210688,0.3572617,-0.009668325,0.43441167,0.37443033,-0.01328189,0.43515158,0.38653317,-0.0141743785,0.43522424,0.39725736,-0.014268248
400.0,0.5206492,0.4430441,1.0073152e-07,0.5131338,0.42189842,-0.0069143744,0.4939882,0.41180763,-0.008929853,0.47745174,0.4121015,-0.009114456,0.46486142,0.41452402,-0.0093312785,0.4924288,0.42783514,-0.0127471415,0.47549272,0.43120897,-0.016164921,0.46560913,0.43054548,-0.016928162,0.4589097,0.42828235,-0.01700044,0.49202743,0.4447071,-0.010149451,0.47422674,0.4525833,-0.013460328,0.46269256,0.45297575,-0.014213388,0.45508507,0.45092955,-0.014587408,0.49235523,0.45724878,-0.0076482412,0.47469163,0.4641578,-0.010689525,0.46369398,0.46288612,-0.012125146,0.4563854,0.45916665,-0.012816342,0.49303082,0.4651982,-0.00541334,0.4779272,0.46946755,-0.008156389,0.4689278,0.46870992,-0.009556918,0.46255806,0.46559846,-0.010181595,0.42675927,0.34072375,7.507257e-08,0.42981407,0.3579169,-0.005451187,0.43990037,0.37163448,-0.009927067,0.44575512,0.38443938,-0.014936066,0.4482897,0.3979401,-0.019323347,0.4793337,0.34672213,-0.0054296204,0.49926966,0.35027024,-0.014670847,0.5005078,0.36909774,-0.022400275,0.49476126,0.38559198,-0.026506376,0.48183075,0.34018856,-0.00696088,0.50194895,0.34529763,-0.015006764,0.50329804,0.3664013,-0.020906907,0.49724677,0.38317126,-0.024043981,0.48185194,0.3384258,-0.009465922,0.50075686,0.34470308,-0.015691077,0.50375485,0.36286083,-0.018615477,0.49970186,0.37725314,-0.01943738,0.47872978,0.3402803,-0.012734066,0.49539378,0.34713545,-0.016024243,0.50078344,0.36089277,-0.015899932,0.49967584,0.3730389,-0.0149190035
440.0,0.5220937,0.44401628,1.1017561e-07,0.5144578,0.42142418,-0.007703662,0.49515393,0.41125894,-0.009956965,0.47859102,0.4119605,-0.01009967,0.46592027,0.4142513,-0.010204316,0.49426275,0.42884415,-0.014700465,0.47653195,0.43280765,-0.018457688,0.46614027,0.43115523,-0.019144366,0.4594528,0.42764077,-0.018998167,0.49425018,0.44597045,-0.011587339,0.47529578,0.45451343,-0.015244147,0.46325094,0.45362538,-0.015812766,0.4561095,0.45014566,-0.01589618,0.49467513,0.45818928,-0.008540213,0.47576484,0.4656282,-0.011943617,0.46409506,0.46337157,-0.013657738,0.45642483,0.45854595,-0.014379581,0.4949562,0.46542737,-0.00577447,0.47878587,0.4690143,-0.008972372,0.46909538,0.46745738,-0.010792067,0.462379,0.46360737,-0.011606143,0.4252083,0.3276891,1.6412936e-07,0.44796962,0.34789905,0.00066903385,0.46838555,0.3629259,-0.0037828793,0.48139808,0.37583047,-0.009338319,0.49057564,0.38558736,-0.015383257,0.48537695,0.33539662,-0.013093296,0.49938968,0.35890362,-0.024412896,0.5008896,0.3795684,-0.031764757,0.49902385,0.39410204,-0.036237925,0.47587436,0.33159384,-0.01943372,0.4896152,0.35643205,-0.028479746,0.49254254,0.37428707,-0.032908637,0.49246952,0.3850973,-0.03659315,0.46177116,0.33232242,-0.025636606,0.47472766,0.3554788,-0.035673376,0.47802392,0.3699056,-0.03893589,0.47897092,0.37846443,-0.041168224,0.44598892,0.33802003,-0.031411957,0.4515403,0.3625285,-0.039096955,0.45305035,0.37624773,-0.04044807,0.4532926,0.38563183,-0.041286245
480.0,0.52293587,0.4436969,1.1214001e-07,0.5153158,0.42209882,-0.0071075326,0.49638087,0.41171432,-0.009381723,0.48035637,0.4126194,-0.009620992,0.4682622,0.41524574,-0.009841371,0.49520278,0.42821124,-0.014848181,0.4779775,0.43135655,-0.018790793,0.46720505,0.42981476,-0.019545546,0.4601681,0.4266778,-0.019369306,0.49492136,0.44526663,-0.012070576,0.4754358,0.45398596,-0.01579327,0.4634101,0.45276642,-0.0161287,0.456526,0.44872147,-0.015960308,0.49510387,0.45753092,-0.009236189,0.4760377,0.46590728,-0.012602977,0.46452242,0.46324506,-0.014038925,0.45757365,0.45774916,-0.014500284,0.49547857,0.46493894,-0.006633076,0.47904384,0.46965763,-0.009598471,0.46966285,0.46808198,-0.01102779,0.46358073,0.4639584,-0.01151425,0.41977692,0.3142993,1.4863214e-07,0.4452685,0.31623077,0.00032585114,0.46721914,0.32863253,-0.0028545603,0.47951606,0.3456998,-0.0064379284,0.48570955,0.36146444,-0.010160075,0.47285864,0.32139286,-0.010319039,0.49066618,0.33134925,-0.017671555,0.49885508,0.34346122,-0.02225826,0.5039655,0.35503438,-0.024952808,0.46257603,0.3321668,-0.014770558,0.48030537,0.35325903,-0.020490779,0.4897514,0.36966872,-0.023344053,0.49602035,0.3845142,-0.025483346,0.45014548,0.3443348,-0.01890966,0.4643422,0.37064496,-0.024233578,0.47213995,0.38555872,-0.026188439,0.47756222,0.39689097,-0.027431674,0.43714926,0.35577548,-0.022919094,0.44450626,0.37826958,-0.02638267,0.448633,0.38989583,-0.026423793,0.45209515,0.39976367,-0.026186353
520.0,0.52505225,0.44421822,1.01441486e-07,0.5177898,0.42260772,-0.006574954,0.4989078,0.41202098,-0.008508216,0.482866,0.4130994,-0.008532153,0.47095105,0.41617298,-0.008562422,0.4966349,0.4273147,-0.013821612,0.48026788,0.42913723,-0.017563034,0.46963644,0.42810005,-0.018389344,0.4625591,0.42573637,-0.018392788,0.4963333,0.44424576,-0.011323699,0.47705516,0.45226833,-0.015171655,0.4646884,0.4515622,-0.015879052,0.4569636,0.448869,-0.015942484,0.4964919,0.45651427,-0.008751681,0.4777021,0.4645705,-0.01224148,0.46586102,0.46273863,-0.013963197,0.45810062,0.45882988,-0.014607557,0.49703324,0.46407944,-0.006375238,0.48117572,0.46900278,-0.009435045,0.47191003,0.4682695,-0.011042561,0.46565914,0.46535847,-0.011670921,0.41987705,0.31467646,1.2179741e-07,0.44255248,0.30731243,-0.0009233105,0.46441135,0.31272778,-0.0013707675,0.47977102,0.31729764,-0.0016536001,0.4909724,0.31809947,-0.0019502753,0.4673713,0.3266597,-0.0038801082,0.48367167,0.34261402,-0.0068246946,0.49296314,0.35418895,-0.008662533,0.49965063,0.3629997,-0.009635707,0.45987445,0.3425602,-0.0055923546,0.47603393,0.36350757,-0.0065796543,0.4856198,0.37653992,-0.007754944,0.4934882,0.38661593,-0.009029946,0.4507896,0.35521743,-0.0072499313,0.46371138,0.37699115,-0.008677428,0.47192353,0.39024544,-0.009538119,0.47906682,0.3999885,-0.010489476,0.44103462,0.3635647,-0.008888323,0.44791678,0.3803928,-0.00982143,0.45202538,0.38984558,-0.009064084,0.45544162,0.39687866,-0.008491884
560.0,0.5253811,0.4450312,1.0530356e-07,0.519169,0.4215841,-0.007878547,0.49957964,0.411645,-0.009944436,0.48257425,0.41220638,-0.00986862,0.46974024,0.41466165,-0.009733915,0.497742,0.42721194,-0.014888858,0.48047343,0.42878124,-0.018587401,0.4697022,0.42778087,-0.019223947,0.4623616,0.42585552,-0.019177068,0.49629703,0.4446949,-0.01162449,0.47794008,0.45186552,-0.015772816,0.4658099,0.4506538,-0.01645054,0.45783544,0.4477077,-0.016461145,0.49555972,0.45741218,-0.008372113,0.47718364,0.46361208,-0.012129168,0.46554086,0.4609436,-0.013650874,0.45724913,0.4565039,-0.014111128,0.49508262,0.4649253,-0.005414074,0.47949025,0.46849692,-0.008751273,0.47016507,0.4669082,-0.010352765,0.46346992,0.4633087,-0.010901261,0.42392027,0.31446084,1.3412043e-07,0.44739848,0.3182564,3.2012118e-05,0.46885768,0.33149886,-0.0015431882,0.48259416,0.3458299,-0.0034436206,0.4907394,0.35780546,-0.005077125,0.47513005,0.32586628,-0.006192243,0.49045622,0.33856937,-0.0119655505,0.49738383,0.3514448,-0.015434532,0.50124276,0.36330256,-0.017311532,0.46523905,0.33388788,-0.009560846,0.4780668,0.35132292,-0.014312851,0.48485595,0.36586365,-0.016560955,0.48887187,0.379219,-0.017925603,0.45243433,0.34367973,-0.0129157705,0.46156695,0.36670342,-0.017547773,0.46720958,0.3823716,-0.018644594,0.47145793,0.39519382,-0.018988023,0.43892097,0.35344884,-0.016243232,0.44472548,0.37493983,-0.019510727,0.44843692,0.38818994,-0.019559504,0.45175728,0.40004304,-0.01905471
600.0,0.5272054,0.4448859,1.0082494e-07,0.5215447,0.42184433,-0.007952521,0.50221056,0.41146094,-0.010245193,0.48505738,0.411439,-0.010345941,0.47267184,0.4148314,-0.010442924,0.5000773,0.42693314,-0.015500251,0.48289734,0.42766798,-0.019494938,0.47185287,0.42700335,-0.02037445,0.46434498,0.4255559,-0.02052952,0.4984045,0.4445252,-0.012311234,0.4795904,0.45115954,-0.016646989,0.46721476,0.4498658,-0.017505538,0.45914763,0.4470761,-0.017680382,0.49751422,0.45730808,-0.009119604,0.47864783,0.4633519,-0.013059467,0.46676704,0.460501,-0.014825795,0.45862973,0.45615172,-0.015504632,0.49694973,0.4646259,-0.0062097814,0.4809891,0.46797302,-0.009791559,0.47150108,0.46636322,-0.011623236,0.464905,0.46288818,-0.012379813,0.44537207,0.33943546,1.623831e-07,0.45850727,0.36317468,-0.0069234334,0.46842933,0.37785906,-0.013248011,0.4709685,0.38842723,-0.019795736,0.47504407,0.39454606,-0.026042327,0.50736356,0.34231994,-0.011581085,0.5120551,0.3537238,-0.022221575,0.5057438,0.37327445,-0.031698447,0.4970896,0.39106613,-0.03775142,0.49748164,0.33072817,-0.014545475,0.50000805,0.3421136,-0.02280966,0.49701172,0.36331943,-0.028892748,0.49059644,0.38074225,-0.033296943,0.4819678,0.32295793,-0.018311141,0.47625536,0.33759198,-0.026672743,0.47301346,0.34937847,-0.028820598,0.46990708,0.35595945,-0.029930841,0.46395373,0.321553,-0.022919063,0.45617333,0.34034604,-0.02859668,0.45283478,0.35316288,-0.027377494,0.45045382,0.36061186,-0.025865242
640.0,0.528061,0.44300467,8.745564e-08,0.5218523,0.4207774,-0.0064734374,0.5032331,0.4105861,-0.008533437,0.4870823,0.41014132,-0.008847687,0.4763309,0.41442272,-0.009322373,0.501717,0.42403173,-0.014427004,0.4852601,0.42589423,-0.018618694,0.47401777,0.42634913,-0.019947236,0.4659458,0.42567763,-0.020518782,0.50043637,0.44111452,-0.012250147,0.48227873,0.44885492,-0.016740272,0.4696643,0.4494097,-0.018000945,0.46050066,0.44813555,-0.018596662,0.49964637,0.4542773,-0.009884302,0.4813198,0.46122405,-0.013832743,0.46932474,0.46024927,-0.015138792,0.46070257,0.45743787,-0.015569397,0.49912754,0.46294174,-0.007712792,0.4835568,0.46699345,-0.010977498,0.47392708,0.46664402,-0.012111502,0.46700218,0.46439812,-0.012444502,0.4299533,0.34087214,1.2923027e-07,0.43903437,0.3584901,-0.0037984462,0.4492463,0.37136492,-0.00806179,0.45437196,0.38480043,-0.012939398,0.45790645,0.3925714,-0.017817218,0.4739377,0.3383122,-0.0055797705,0.488779,0.3444161,-0.013072197,0.49385735,0.36004502,-0.019482123,0.49420682,0.37531134,-0.023428086,0.47164294,0.32875067,-0.008364391,0.4874487,0.32651153,-0.013406032,0.49614617,0.33923274,-0.018079199,0.49821192,0.35355714,-0.021507466,0.46410206,0.32443985,-0.011840735,0.4770344,0.32502565,-0.018205643,0.48493034,0.33879745,-0.023428923,0.48726702,0.35273063,-0.026818454,0.4530939,0.32727194,-0.015607446,0.4545289,0.33590102,-0.021997899,0.45715672,0.34653217,-0.024954138,0.45660606,0.35656026,-0.026386758
680.0,0.52873194,0.44448286,9.626923e-08,0.523268,0.42214116,-0.00641104,0.505311,0.41196522,-0.008586192,0.48922172,0.4119696,-0.008954112,0.47889867,0.41664836,-0.0095066745,0.50366235,0.42504168,-0.0152427815,0.48704585,0.42459562,-0.019570787,0.47579202,0.42401168,-0.02089663,0.46790028,0.42274797,-0.021381754,0.50172937,0.44211212,-0.0129363565,0.4823193,0.4490361,-0.01723898,0.4696357,0.4493007,-0.018373197,0.4610865,0.44791082,-0.018911373,0.5003086,0.4548268,-0.010342988,0.4812213,0.46144322,-0.01405015,0.4690752,0.459922,-0.015618711,0.46105114,0.456966,-0.01629677,0.49945152,0.46252382,-0.00790319,0.48360014,0.4666441,-0.01098024,0.47428703,0.4659358,-0.012293443,0.46816933,0.46347728,-0.012793452,0.4256189,0.32211122,1.0264694e-07,0.44778302,0.3239122,0.0020729473,0.4687523,0.33300793,-0.0002794183,0.48096436,0.3440603,-0.003788626,0.48772487,0.3561303,-0.007452162,0.47672513,0.3247827,-0.007720619,0.4907669,0.33799005,-0.015488186,0.49385056,0.3500047,-0.020084903,0.49335662,0.35791624,-0.02285845,0.46767592,0.3286361,-0.013666987,0.48082346,0.34238255,-0.020102685,0.48482364,0.35598406,-0.023106255,0.48486832,0.3664024,-0.025258621,0.4558318,0.33602795,-0.019357957,0.4664797,0.35527858,-0.026055561,0.4708256,0.37025112,-0.028560499,0.47295767,0.38144702,-0.030084092,0.44217443,0.34657076,-0.024750572,0.44606137,0.36869833,-0.030318972,0.4492139,0.38277808,-0.03198293,0.4513306,0.39424405,-0.03270886
720.0,0.5278071,0.4443406,1.0416352e-07,0.5224677,0.42110553,-0.0074902033,0.5038335,0.41069472,-0.009662778,0.4877739,0.41077733,-0.009705852,0.47627583,0.41413832,-0.00979489,0.50253284,0.42622295,-0.015946064,0.48603863,0.42660835,-0.019978018,0.47527042,0.42568308,-0.020838108,0.46758738,0.4241914,-0.021009078,0.5004307,0.4435362,-0.012966095,0.4816446,0.44946134,-0.017173786,0.46932432,0.4484803,-0.018025478,0.4613075,0.4463532,-0.018298125,0.49901536,0.45637485,-0.0098314835,0.48058507,0.46182013,-0.013512177,0.4687498,0.4592284,-0.015319344,0.46075225,0.45547092,-0.01612526,0.49811897,0.46416578,-0.0069387904,0.4824319,0.4677511,-0.010223324,0.47311404,0.4662205,-0.012070339,0.46677014,0.46279025,-0.012919687,0.41691953,0.31415677,1.6349625e-07,0.43891054,0.3094987,-0.0015498473,0.45808676,0.32143053,-0.0040960154,0.46710944,0.34056854,-0.006523952,0.4687862,0.35689116,-0.009067458,0.46275988,0.32121527,-0.009131209,0.48106077,0.33617526,-0.0139561165,0.4905341,0.34912628,-0.016900755,0.4972941,0.360455,-0.018681888,0.45480144,0.33551577,-0.011474013,0.47180948,0.35696295,-0.014760544,0.48102945,0.3710097,-0.017246375,0.48807463,0.38282683,-0.019277463,0.4446632,0.34842333,-0.013560277,0.45709366,0.37412912,-0.017216763,0.46478382,0.38937005,-0.020306168,0.47005296,0.40094343,-0.022400066,0.43410444,0.35836112,-0.01562933,0.44032395,0.3798118,-0.0187902,0.44424078,0.39319184,-0.020086396,0.44683325,0.40493152,-0.02067728
760.0,0.52909505,0.44530356,1.03624096e-07,0.52419215,0.42177814,-0.0075522694,0.50592303,0.41167477,-0.010045276,0.48992735,0.41285354,-0.010455203,0.47984752,0.41849408,-0.0109155625,0.5035349,0.4256658,-0.016613126,0.48525798,0.42570788,-0.021191092,0.47368354,0.42470455,-0.022342386,0.46559107,0.4231536,-0.022677168,0.50139517,0.44324592,-0.013750241,0.4826111,0.44936585,-0.018743407,0.47005135,0.4487583,-0.019843534,0.46149135,0.44680142,-0.020155849,0.49989778,0.4563017,-0.010729437,0.4813919,0.4617153,-0.014814451,0.46928218,0.45924318,-0.016459487,0.46105587,0.4554066,-0.017061409,0.4989695,0.46420524,-0.007979612,0.48314762,0.46790823,-0.011343492,0.4736231,0.46649882,-0.01297289,0.46726373,0.4632738,-0.013622319,0.41787648,0.31789646,1.602968e-07,0.4384179,0.32196322,0.0006350171,0.45685697,0.33405206,-0.0012184447,0.46867347,0.34671217,-0.0037708469,0.47569695,0.35699004,-0.0059605814,0.4638584,0.3273217,-0.008137245,0.4846059,0.33625117,-0.015938677,0.4924702,0.3512674,-0.020510286,0.49484164,0.36520058,-0.022664452,0.45758405,0.33146635,-0.012237483,0.4770077,0.3421532,-0.019005653,0.48511305,0.35839194,-0.021665191,0.48699623,0.37251514,-0.022796806,0.4473639,0.33865654,-0.01630109,0.46104893,0.35592583,-0.022510337,0.46748716,0.37250808,-0.02496821,0.46991065,0.38555774,-0.02591911,0.43487805,0.34775624,-0.020299306,0.4403463,0.36866683,-0.025445433,0.4435577,0.38336933,-0.027205456,0.44524017,0.39562622,-0.027644902
800.0,0.52883327,0.44542792,1.0282238e-07,0.5238173,0.42285192,-0.0068791937,0.5059856,0.41190323,-0.009293544,0.49032474,0.41174963,-0.009764419,0.4802003,0.41603896,-0.010298669,0.504168,0.42503232,-0.016326483,0.48664835,0.4249742,-0.0208227,0.47496027,0.42469013,-0.02187967,0.46662974,0.42388892,-0.02217283,0.5013985,0.44267195,-0.013887286,0.4820326,0.44856736,-0.018687144,0.46927607,0.44791722,-0.019583166,0.46097833,0.44578832,-0.019822624,0.49942613,0.45602778,-0.011207683,0.48023373,0.46093658,-0.015169898,0.4678604,0.45780963,-0.01674812,0.45995826,0.4534103,-0.017326431,0.49816355,0.4643595,-0.008732333,0.48167473,0.46772417,-0.012074342,0.4717278,0.46580365,-0.013702121,0.46525526,0.46200642,-0.014352643,0.41984266,0.33876616,9.384927e-08,0.4302953,0.3579373,-0.004387516,0.44306567,0.37165228,-0.00798977,0.44978523,0.38492292,-0.012067698,0.45411915,0.39822587,-0.01628804,0.46510768,0.3523959,-0.005241316,0.48231632,0.3500487,-0.012158317,0.48917118,0.35790056,-0.017808443,0.49255213,0.36809078,-0.021207882,0.46312994,0.34286124,-0.007265318,0.4801758,0.33418107,-0.012185676,0.4885061,0.3402654,-0.015808664,0.49300182,0.34959865,-0.018500369,0.45813024,0.33513495,-0.010204138,0.4733011,0.32560307,-0.014642974,0.48202747,0.32918137,-0.016466083,0.48742798,0.3366292,-0.017727654,0.4511873,0.3299699,-0.013867934,0.46196613,0.31938943,-0.017530032,0.46879783,0.31933397,-0.018182432,0.47324392,0.32234794,-0.018372418
840.0,0.52891237,0.44420895,9.629379e-08,0.52346665,0.4218014,-0.0069122016,0.50460297,0.41109368,-0.00909711,0.48806942,0.41167545,-0.0093744965,0.4776266,0.41761357,-0.009711093,0.50440824,0.4247337,-0.015473986,0.48759815,0.4244938,-0.01973064,0.47627848,0.42381158,-0.020754986,0.46819556,0.42244324,-0.021057187,0.5019675,0.44254708,-0.01302816,0.4833745,0.44873136,-0.017481945,0.47068346,0.44820055,-0.018361555,0.46235138,0.44594356,-0.018682718,0.50023097,0.45599133,-0.0104110595,0.48134848,0.46117148,-0.014282045,0.4690408,0.4583494,-0.015761225,0.4610952,0.4540766,-0.016316297,0.49901912,0.46429726,-0.008019623,0.48254707,0.46775085,-0.0112853125,0.4725571,0.46592626,-0.012817114,0.46590522,0.46205395,-0.013451513,0.4180407,0.34356004,8.8901174e-08,0.42827925,0.36033064,-0.0040532276,0.4408085,0.37338793,-0.007380557,0.44839594,0.38606074,-0.011323485,0.45354906,0.39778757,-0.015345344,0.46362305,0.3502743,-0.0029510336,0.47984892,0.34800103,-0.009207824,0.48578256,0.35551193,-0.014951976,0.48844302,0.3651775,-0.018491125,0.46117425,0.34056017,-0.004948465,0.47644168,0.33217326,-0.009034679,0.48575813,0.33579808,-0.013348571,0.4921789,0.34272617,-0.016659776,0.45577276,0.3331689,-0.007878945,0.46976453,0.32444224,-0.011872845,0.47910017,0.3260056,-0.014588355,0.48573795,0.33143637,-0.01640289,0.44808352,0.32859197,-0.0114603285,0.45816097,0.31997213,-0.01480124,0.46527064,0.31833535,-0.015644128,0.47024664,0.31974453,-0.015916085
880.0,0.5300515,0.44431803,9.382078e-08,0.5244634,0.42106512,-0.0074117063,0.5045433,0.41004074,-0.009496509,0.48746648,0.4103324,-0.009574787,0.4761204,0.41473228,-0.0097926995,0.5043553,0.42381066,-0.01627806,0.48687774,0.42429075,-0.02061177,0.47558492,0.42413196,-0.021606753,0.46737242,0.4232762,-0.021960095,0.5024116,0.44171694,-0.0136512015,0.48407218,0.44859084,-0.018479435,0.4711882,0.44860643,-0.019734805,0.4624162,0.4468017,-0.020316152,0.5012123,0.45532992,-0.010885862,0.48270595,0.46097508,-0.015138631,0.4702014,0.45900232,-0.017145984,0.46154198,0.45529643,-0.018090507,0.50035095,0.46409965,-0.00836789,0.48416105,0.46791044,-0.012357338,0.47397316,0.46675253,-0.014551351,0.4667647,0.46330822,-0.015595505,0.42185745,0.32907355,7.2580264e-08,0.44279224,0.337226,-0.0005580017,0.4631053,0.34977546,-0.004670376,0.47507384,0.36305007,-0.009347087,0.47997603,0.37425008,-0.014121015,0.47838575,0.335573,-0.010589115,0.4874061,0.36685133,-0.018535024,0.48553315,0.37569338,-0.023358395,0.48295602,0.37537944,-0.026469028,0.46676934,0.335495,-0.015165957,0.47205785,0.37811404,-0.0208258,0.46857873,0.382035,-0.021606175,0.46671274,0.37644297,-0.022924507,0.4523782,0.338105,-0.01971231,0.45803604,0.3781982,-0.024807697,0.45592603,0.3803959,-0.0230964,0.45520955,0.37574545,-0.022395138,0.4370467,0.34208483,-0.024357043,0.4402731,0.37160984,-0.027257456,0.43853438,0.37568083,-0.024724176,0.4376837,0.3745837,-0.02294441
920.0,0.5302515,0.4448433,9.961148e-08,0.5233638,0.42154846,-0.005987482,0.5038839,0.41139778,-0.0076498482,0.48751727,0.41109177,-0.007660841,0.47587034,0.41220534,-0.007897269,0.5029676,0.42651546,-0.014165001,0.48629737,0.42654604,-0.018131556,0.47554132,0.42586938,-0.019068534,0.46778286,0.42473444,-0.019378804,0.5019824,0.44390878,-0.01222579,0.4831098,0.44907326,-0.01661055,0.47057933,0.44819367,-0.017771987,0.4617527,0.446227,-0.01833647,0.50166124,0.4570593,-0.010103327,0.4832408,0.46180302,-0.013889027,0.4707992,0.4602382,-0.015632935,0.46183676,0.4572564,-0.016467867,0.5018052,0.46563473,-0.008134606,0.4858677,0.469959,-0.011484033,0.47572383,0.46923456,-0.013236066,0.46850196,0.46618414,-0.014058938,0.4100004,0.32737353,8.6706216e-08,0.43206042,0.33520177,0.00084707007,0.45235944,0.34654135,-0.0015162051,0.46632594,0.35673684,-0.0046152305,0.47513717,0.36532837,-0.007813463,0.45993295,0.33661193,-0.010538121,0.47606096,0.34753767,-0.019151581,0.4804704,0.3610627,-0.0244852,0.48156923,0.37299788,-0.027674831,0.45035103,0.33689508,-0.015452134,0.46324256,0.35145187,-0.023371218,0.46787536,0.36699852,-0.02674114,0.46922672,0.38096854,-0.028987397,0.43767422,0.34002748,-0.020148639,0.44671318,0.3568975,-0.028164702,0.45225736,0.37255162,-0.031165062,0.4559864,0.38620043,-0.03283243,0.42383668,0.3455379,-0.024588197,0.42822996,0.3641103,-0.03098361,0.43134958,0.3771881,-0.032805175,0.43403506,0.38917518,-0.033649415
960.0,0.5308947,0.44643962,1.04809885e-07,0.523359,0.42278752,-0.0062310724,0.5041796,0.41295004,-0.008163466,0.4879286,0.414445,-0.008302321,0.47626233,0.41625375,-0.008642969,0.5036997,0.428195,-0.015262092,0.485664,0.42845887,-0.019496795,0.4749393,0.42790112,-0.020351438,0.46767262,0.42687124,-0.02046391,0.50310683,0.44609502,-0.013119315,0.483438,0.45141798,-0.017547911,0.47090656,0.45036417,-0.018477622,0.46253476,0.44816083,-0.018873483,0.50305456,0.45940202,-0.01078439,0.48429573,0.46471348,-0.014538519,0.4717538,0.46292415,-0.016429732,0.462967,0.45957196,-0.01742652,0.5033684,0.4679258,-0.008592269,0.48735696,0.47292602,-0.012074635,0.4772679,0.47214684,-0.014090973,0.47022182,0.4689288,-0.015117454,0.41245523,0.35233897,1.5933401e-07,0.432894,0.37001047,0.0005918664,0.44942182,0.38015705,-8.536307e-05,0.4598346,0.38816774,-0.0021123707,0.4677449,0.39324206,-0.003972944,0.46627605,0.35112295,-0.00023581242,0.47764882,0.36689204,-0.004811757,0.48216492,0.38223487,-0.009049882,0.48254907,0.3947753,-0.01126441,0.45964524,0.34582025,-0.0028962106,0.47094336,0.35954604,-0.0057164608,0.47429988,0.37360293,-0.0083851125,0.47327098,0.38458014,-0.010316853,0.45015556,0.34490603,-0.005703077,0.4543726,0.36448768,-0.008244202,0.4506056,0.37008223,-0.008124649,0.44551003,0.37068263,-0.0075750933,0.439274,0.34730923,-0.008721088,0.44156924,0.36449316,-0.008714815,0.44033456,0.369891,-0.0066545005,0.43742502,0.37031883,-0.004664233
1000.0,0.5329159,0.44819546,1.0234622e-07,0.5239532,0.4254289,-0.005602998,0.5033828,0.4160511,-0.0072301175,0.48690742,0.41774827,-0.007113643,0.47547674,0.4208959,-0.00719327,0.50322604,0.43136436,-0.014766097,0.48501283,0.43385535,-0.01881359,0.47446108,0.43370125,-0.01950339,0.46763587,0.43246046,-0.019417692,0.5036936,0.4495362,-0.012899812,0.48400065,0.45648456,-0.017344179,0.47134084,0.45585844,-0.018134454,0.46294796,0.45362064,-0.018298473,0.50448513,0.46283045,-0.010785379,0.48563537,0.46911064,-0.014500926,0.47318822,0.46800956,-0.016037323,0.46443862,0.465023,-0.016667753,0.50543183,0.47120583,-0.008773913,0.4889429,0.47699404,-0.011941867,0.47851497,0.47652227,-0.013585484,0.47112286,0.47319576,-0.01429368,0.4106211,0.37217715,1.8633372e-08,0.42775753,0.38810804,0.00047461898,0.443239,0.3979059,-0.0013103683,0.45421734,0.405272,-0.0044696536,0.462207,0.41081178,-0.0077439314,0.46089625,0.3616918,-0.0010823804,0.46750617,0.3690554,-0.005560559,0.4681893,0.3812166,-0.01042271,0.46529165,0.39040077,-0.01355165,0.45403537,0.35204437,-0.004344278,0.45755583,0.35918862,-0.007062724,0.4565165,0.37105766,-0.010037168,0.45203906,0.3789328,-0.012598368,0.4434114,0.34718984,-0.0077330107,0.4456556,0.35611263,-0.010572695,0.4451034,0.3684426,-0.011972683,0.44124675,0.37665367,-0.013131434,0.43122375,0.34588784,-0.011256132,0.43132433,0.3555398,-0.013189165,0.43174815,0.3664423,-0.013057355,0.4296984,0.37468106,-0.012746276
1040.0,0.5325578,0.45649806,1.0820487e-07,0.52332914,0.43336937,-0.006040591,0.50235695,0.42520812,-0.007948495,0.48524925,0.42736784,-0.008052087,0.4729559,0.43184936,-0.008235352,0.50335014,0.44024786,-0.014379307,0.48485327,0.4416166,-0.018736554,0.47479516,0.44123858,-0.019540515,0.4690923,0.44028002,-0.019324418,0.50344026,0.45836583,-0.012156488,0.4836519,0.4649903,-0.01614843,0.47159842,0.46422642,-0.016735852,0.46430466,0.46199372,-0.01688124,0.50412154,0.47160113,-0.009852394,0.4854909,0.47795254,-0.013255884,0.47342205,0.4766414,-0.014936809,0.4657071,0.47382164,-0.015781226,0.50477767,0.47945228,-0.007681619,0.4885189,0.48589578,-0.01086181,0.47842407,0.48564476,-0.012764796,0.47179073,0.48282763,-0.013700239,0.40450507,0.38533333,-1.9711496e-08,0.42629313,0.3941349,-0.00176391,0.44667774,0.399645,-0.0056460914,0.46114233,0.4044396,-0.010033536,0.47317502,0.40977153,-0.014369012,0.453266,0.36722055,-0.009700956,0.4616141,0.38870627,-0.01784307,0.45616418,0.39778158,-0.02279836,0.45158044,0.3992335,-0.025982829,0.44282562,0.3629306,-0.013407688,0.44920805,0.39242083,-0.019075552,0.4460576,0.4003479,-0.021103837,0.44313782,0.4000366,-0.023483416,0.42959532,0.364602,-0.01741484,0.43534333,0.39504802,-0.023623852,0.43381345,0.40317914,-0.023875339,0.43220294,0.4041783,-0.02451631,0.41573587,0.36951596,-0.021582976,0.41955215,0.3947816,-0.026389332,0.4200918,0.40469602,-0.02640626,0.42028213,0.40899318,-0.026384678
